match_id,tour,start,tourney,round,surface,p1_id,p1_name,p2_id,p2_name,p1_elo,p2_elo,n1,n2,p1_prob,predicted_at,status,winner,score,model,elo_warn
183940,wta,2026-09-23T10:00Z,Eupago Porto Open,Round 2,Hard,2848,Oceane Dodin,3490,Elena Malygina,1647.6,1450.4,127,22,0.7079,2026-09-23T12:03+02:00,final,3490,2-6 6-4 6-2,v1,
183878,wta,2026-09-23T10:05Z,Delta Motors Tolentino Open,Round 2,Clay,19090,Isabella Maria Serban,2984,Rebeka Masarova,1569.0,1682.8,1,90,0.3749,2026-09-23T12:07+02:00,final,2984,5-7 6-2 6-0,v1,
184005,wta,2026-09-23T10:05Z,Turk Telekom Ankara Open,Round 2,Hard,8681,Weronika Falkowska,17104,Polina Iatcenko,1582.2,1660.0,13,9,0.4135,2026-09-23T12:07+02:00,final,17104,6-3 6-4,v1,
184095,wta,2026-09-23T10:35Z,Singapore Tennis Open presented by BNP Paribas,Round 2,Hard,9820,Mirra Andreeva,1809,Aliaksandra Sasnovich,2042.8,1742.1,182,352,0.7942,2026-09-23T12:38+02:00,final,9820,6-2 6-2,v1,
183367,atp,2026-09-23T11:30Z,AITO Hangzhou Open,Round 1,Hard,4022,Valentin Royer,3093,Adam Walton,1574.0,1618.7,43,73,0.4475,2026-09-23T12:38+02:00,final,4022,6-3 6-4,v1,
183939,wta,2026-09-23T12:00Z,Eupago Porto Open,Round 2,Hard,14578,Matilde Jorge,7797,Sinja Kraus,2144.1,2391.9,259,476,0.2484,2026-09-23T13:47+02:00,final,7797,6-4 7-5,v2,
183962,wta,2026-09-23T12:00Z,Eupago Porto Open,Round 2,Hard,15775,Ayana Akli,13314,Gabriela Knutson,2163.1,2356.8,126,297,0.2962,2026-09-23T13:47+02:00,final,13314,6-4 5-7 6-4,v2,
184001,wta,2026-09-23T12:00Z,Turk Telekom Ankara Open,Round 2,Hard,14946,Elena Pridankina,13737,Ksenia Zaytseva,2312.7,2058.5,286,151,0.7569,2026-09-23T13:47+02:00,final,13737,2-6 7-6(4) 6-1,v2,
184094,wta,2026-09-23T12:00Z,Singapore Tennis Open presented by BNP Paribas,Round 2,Hard,5309,Alycia Parks,3641,Leylah Fernandez,2375.9,2641.8,429,389,0.2337,2026-09-23T13:47+02:00,final,3641,6-4 6-3,v2,
183890,wta,2026-09-23T12:40Z,Delta Motors Tolentino Open,Round 2,Clay,3909,Jessica Pieri,10676,Leyre Romero Gormaz,2086.2,2342.4,482,417,0.2415,2026-09-23T14:29+02:00,final,3909,3-6 6-4 6-1,v2,
184006,wta,2026-09-23T13:05Z,Turk Telekom Ankara Open,Round 2,Hard,3141,Berfu Cengiz,19088,Aysegul Mert,2123.9,1994.1,440,88,0.6411,2026-09-23T14:29+02:00,final,3141,7-6(2) 6-2,v2,
183949,wta,2026-09-23T14:30Z,Eupago Porto Open,Round 2,Hard,10501,Maria Timofeeva,4438,Kajsa Rinaldo Persson,2479.0,2181.0,343,423,0.7910,2026-09-23T16:25+02:00,final,10501,6-3 6-0,v3,
184004,wta,2026-09-23T14:50Z,Turk Telekom Ankara Open,Round 2,Hard,15426,Shi Han,3185,Ayla Aksu,2216.5,2214.9,227,566,0.5018,2026-09-23T16:25+02:00,final,15426,6-1 5-7 6-2,v3,
183880,wta,2026-09-23T16:00Z,Delta Motors Tolentino Open,Round 2,Clay,12957,Guiomar Maristany Zuleta De Reales,17887,Marta Lombardini,2376.2,1928.5,465,24,0.8808,2026-09-23T16:25+02:00,final,12957,6-2 6-3,v3,
183876,wta,2026-09-23T18:00Z,Delta Motors Tolentino Open,Round 2,Clay,17102,Noemi Basiletti,13219,Mia Ristic,2285.0,2298.3,106,251,0.4852,2026-09-23T16:25+02:00,final,13219,6-3 3-6 6-3,v3,
184050,wta,2026-09-24T03:00Z,Korea Open,Round 2,Hard,13615,Ma YeXin,2588,Kimberly Birrell,2168.0,2495.0,8,461,0.1883,2026-09-23T16:25+02:00,final,2588,7-5 6-3,v3,
184053,wta,2026-09-24T03:00Z,Korea Open,Round 2,Hard,2734,Anna Bondar,6570,Alina Charaeva,2483.1,2395.8,697,314,0.5962,2026-09-23T16:25+02:00,final,2734,6-4 6-7(6) 7-6(5),v3,
183353,atp,2026-09-24T05:00Z,AITO Hangzhou Open,Round 1,Hard,3935,Sho Shimabukuro,3375,Hugo Gaston,2188.8,2236.2,437,486,0.4280,2026-09-23T16:25+02:00,final,3375,6-4 6-4,v3,
183354,atp,2026-09-24T05:00Z,AITO Hangzhou Open,Round 1,Hard,4030,Dane Sweeny,1837,Taro Daniel,2068.1,2159.8,407,1029,0.3631,2026-09-23T16:25+02:00,final,1837,7-6(6) 6-2,v3,
183397,atp,2026-09-24T05:00Z,Chengdu Open,Round 1,Hard,4115,Nuno Borges,3666,Camilo Ugo Carabelli,2393.9,2197.4,509,585,0.7707,2026-09-23T16:25+02:00,final,14601,6-3 6-2,v3,
183405,atp,2026-09-24T05:00Z,Chengdu Open,Round 1,Hard,1857,James Duckworth,3052,Lorenzo Sonego,2268.8,2334.4,891,683,0.4009,2026-09-23T16:25+02:00,final,3052,6-4 6-4,v3,
183407,atp,2026-09-24T05:00Z,Chengdu Open,Round 1,Hard,3319,Tallon Griekspoor,2860,Denis Shapovalov,2377.1,2440.6,650,561,0.4040,2026-09-23T16:25+02:00,final,2860,6-4 7-6(3),v3,
184052,wta,2026-09-24T05:00Z,Korea Open,Round 2,Hard,5737,Yeonwoo Ku,2748,Elena-Gabriela Ruse,2247.9,2593.5,330,532,0.1759,2026-09-23T16:25+02:00,final,2748,2-6 7-6(1) 6-1,v3,
184099,wta,2026-09-24T05:00Z,Singapore Tennis Open presented by BNP Paribas,Round 2,Hard,6708,Talia Gibson,4969,Viktoria Morvayova,2546.5,2090.5,339,463,0.8846,2026-09-23T16:25+02:00,final,6708,7-6(2) 7-6(1),v3,
183362,atp,2026-09-24T05:30Z,AITO Hangzhou Open,Round 1,Hard,10219,Jaime Faria,10638,Terence Atmane,2327.6,2335.2,315,413,0.4885,2026-09-23T16:25+02:00,final,10219,3-6 7-6(9) 6-4,v3,
183351,atp,2026-09-24T06:30Z,AITO Hangzhou Open,Round 1,Hard,3716,Rinky Hijikata,3812,Dalibor Svrcina,2288.8,2273.9,432,379,0.5228,2026-09-23T16:25+02:00,final,3716,7-6(4) 6-4,v3,
183356,atp,2026-09-24T06:30Z,AITO Hangzhou Open,Round 1,Hard,9213,Fabian Marozsan,2318,Alex Bolt,2351.4,2095.2,435,754,0.8305,2026-09-23T16:25+02:00,final,9213,6-4 6-2,v3,
184097,wta,2026-09-24T06:30Z,Singapore Tennis Open presented by BNP Paribas,Round 2,Hard,3387,Wang Xinyu,3705,Joanna Garland,2537.3,2384.1,440,388,0.6647,2026-09-23T16:25+02:00,final,3387,7-5 6-4,v3,
184054,wta,2026-09-24T07:00Z,Korea Open,Round 2,Hard,2195,Jelena Ostapenko,7672,Taylah Preston,2608.0,2446.0,644,255,0.6734,2026-09-23T16:25+02:00,final,7672,6-4 6-1,v3,
183360,atp,2026-09-24T08:00Z,AITO Hangzhou Open,Round 1,Hard,11382,Bu Yunchaokete,12932,Michael Zheng,2305.3,2391.9,316,131,0.3704,2026-09-23T16:25+02:00,final,11382,6-4 6-3,v3,
183358,atp,2026-09-24T08:30Z,AITO Hangzhou Open,Round 1,Hard,10153,Mattia Bellucci,2416,Kamil Majchrzak,2317.3,2364.8,404,665,0.4278,2026-09-23T16:25+02:00,final,2416,6-3 6-4,v3,
183401,atp,2026-09-24T08:30Z,Chengdu Open,Round 1,Hard,10073,Shang Juncheng,1266,Adrian Mannarino,2316.8,2237.6,222,1284,0.6189,2026-09-23T16:25+02:00,final,1266,7-6(9) 6-2,v3,
183404,atp,2026-09-24T09:00Z,Chengdu Open,Round 1,Hard,2874,Miomir Kecmanovic,2498,Nikoloz Basilashvili,2324.2,2192.9,584,896,0.6913,2026-09-23T16:25+02:00,final,2498,7-6(3) 6-4,v3,
184002,wta,2026-09-24T09:00Z,Turk Telekom Ankara Open,Round 2,Hard,13708,Tian Fangran,8560,Elena Micic,2253.9,2047.6,179,211,0.7153,2026-09-23T16:25+02:00,final,13708,6-2 7-5,v3,
184003,wta,2026-09-24T09:00Z,Turk Telekom Ankara Open,Round 2,Hard,16002,Teodora Kostovic,15344,Elena Ruxandra Bertea,2318.4,1946.0,115,164,0.8407,2026-09-23T16:25+02:00,final,16002,6-3 6-1,v3,
184007,wta,2026-09-24T09:00Z,Turk Telekom Ankara Open,Round 2,Hard,5299,Carole Monnet,7816,Anastasia Gasanova,2214.5,2322.0,496,490,0.3822,2026-09-23T16:25+02:00,final,7816,6-2 6-1,v3,
183395,atp,2026-09-24T09:15Z,Chengdu Open,Round 1,Hard,15473,Moise Kouame,3308,Alexandre Muller,2119.8,2183.4,74,739,0.4038,2026-09-23T16:25+02:00,final,3308,6-4 6-0,v3,
183346,atp,2026-09-24T09:30Z,AITO Hangzhou Open,Round 1,Hard,2567,Sun Fajing,2636,Roman Safiullin,1986.3,2339.9,502,639,0.0982,2026-09-23T16:25+02:00,final,2636,6-2 6-0,v3,
183350,atp,2026-09-24T09:30Z,AITO Hangzhou Open,Round 1,Hard,3797,Cui Jie,11396,Adolfo Daniel Vallejo,1961.7,2159.7,306,196,0.2277,2026-09-23T16:25+02:00,final,11396,6-1 6-7(2) 6-4,v3,
183392,atp,2026-09-24T10:00Z,Chengdu Open,Round 1,Hard,8710,Aleksandr Shevchenko,2726,Hubert Hurkacz,2202.3,2480.9,481,654,0.1503,2026-09-23T16:25+02:00,final,2726,6-3 7-6(10),v3,
183960,wta,2026-09-24T10:00Z,Eupago Porto Open,Round 2,Hard,14080,Veronika Podrez,16296,Mia Pohankova,2321.8,2434.7,220,60,0.3766,2026-09-23T16:25+02:00,final,16296,6-3 6-4,v3,
183394,atp,2026-09-24T10:30Z,Chengdu Open,Round 1,Hard,10130,Martin Damm,7608,Shintaro Mochizuki,2268.8,2118.2,344,429,0.7163,2026-09-23T16:25+02:00,final,10130,6-1 6-4,v3,
183396,atp,2026-09-24T10:30Z,Chengdu Open,Round 1,Hard,2863,Lloyd Harris,3849,Aleksandar Kovacevic,2313.4,2267.5,627,414,0.5698,2026-09-23T16:25+02:00,final,2863,6-3 6-4,v3,
183886,wta,2026-09-24T10:30Z,Delta Motors Tolentino Open,Round 2,Clay,5161,Alice Tubello,2599,Julia Grabher,2333.6,2399.4,328,673,0.4270,2026-09-23T16:25+02:00,final,2599,3-6 6-3 6-4,v3,
184096,wta,2026-09-24T10:30Z,Singapore Tennis Open presented by BNP Paribas,Round 2,Hard,12846,Tatiana Prozorova,7759,Alexandra Eala,2457.9,2712.3,288,359,0.2429,2026-09-23T16:25+02:00,final,12846,4-6 7-5 6-3,v3,
183352,atp,2026-09-24T11:30Z,AITO Hangzhou Open,Round 1,Hard,3024,Zhang Zhizhen,11398,Chak Lam Coleman Wong,2202.5,2203.9,515,14,0.4978,2026-09-23T16:25+02:00,final,11398,6-3 6-3,v3,
183393,atp,2026-09-24T11:30Z,Chengdu Open,Round 1,Hard,4008,Juan Manuel Cerundolo,13444,Zhou Yi,2288.2,2025.1,479,167,0.8366,2026-09-23T16:25+02:00,final,4008,6-4 6-3,v3,
183956,wta,2026-09-24T11:30Z,Eupago Porto Open,Round 2,Hard,2551,Naiktha Bains,6823,Reese Brantmeier,2146.0,2190.5,489,88,0.4505,2026-09-23T16:25+02:00,final,6823,6-4 6-4,v3,
183884,wta,2026-09-24T12:00Z,Delta Motors Tolentino Open,Round 2,Clay,2282,Ekaterine Gorgodze,7806,Barbora Palicova,2184.8,2150.9,932,341,0.5377,2026-09-23T16:25+02:00,final,2282,7-5 7-5,v3,
183941,wta,2026-09-24T12:00Z,Eupago Porto Open,Round 2,Hard,16295,Angelina Voloshchuk,3330,Harmony Tan,2064.6,2342.0,115,608,0.2246,2026-09-23T16:25+02:00,final,16295,6-1 1-6 6-0,v3,
184100,wta,2026-09-24T12:00Z,Singapore Tennis Open presented by BNP Paribas,Round 2,Hard,3018,Maria Sakkari,2043,Nao Hibino,2629.2,2269.0,832,757,0.8333,2026-09-23T16:25+02:00,final,3018,7-5 6-1,v3,
183958,wta,2026-09-24T13:30Z,Eupago Porto Open,Round 2,Hard,16688,Valentina Steiner,2752,Katie Swan,2007.6,2409.2,85,369,0.1426,2026-09-23T16:25+02:00,final,2752,6-1 6-0,v3,
184008,wta,2026-09-24T14:00Z,Turk Telekom Ankara Open,Round 2,Hard,16142,Deniz Dilek,1254,Cagla Buyukakcay,2031.0,2009.7,21,1031,0.5239,2026-09-23T16:25+02:00,final,16142,6-1 2-6 6-2,v3,
183897,wta,2026-09-24T15:30Z,Delta Motors Tolentino Open,Round 2,Clay,17107,Samira De Stefano,6571,Oksana Selekhmeteva,2333.5,2311.7,224,343,0.5243,2026-09-23T16:25+02:00,final,6571,5-7 6-1 6-2,v3,
183888,wta,2026-09-24T17:30Z,Delta Motors Tolentino Open,Round 2,Clay,5878,Veronika Erjavec,5168,Nuria Brancaccio,2317.9,2313.7,456,478,0.5048,2026-09-23T16:25+02:00,ret,5168,5-7 5-3 RET,v3,
183411,atp,2026-09-25T05:00Z,Chengdu Open,Round 2,Hard,3621,Jenson Brooksby,3052,Lorenzo Sonego,2303.8,2343.5,274,684,0.4396,2026-09-24T11:11+02:00,final,3621,5-7 7-5 6-2,v3,
183412,atp,2026-09-25T05:00Z,Chengdu Open,Round 2,Hard,3809,Vit Kopriva,2860,Denis Shapovalov,2236.5,2448.4,684,562,0.2127,2026-09-24T11:11+02:00,final,2860,6-2 6-3,v3,
184105,wta,2026-09-25T05:00Z,Singapore Tennis Open presented by BNP Paribas,Quarterfinal,Hard,2221,Elise Mertens,3417,Maja Chwalinska,2694.9,2547.3,780,372,0.6591,2026-09-23T16:25+02:00,final,3417,6-2 6-2,v3,
183366,atp,2026-09-25T05:30Z,AITO Hangzhou Open,Round 2,Hard,7509,Kyrian Jacquet,3739,Tomas Martin Etcheverry,2247.1,2369.1,374,604,0.3211,2026-09-23T16:25+02:00,final,7509,6-2 6-3,v3,
183413,atp,2026-09-25T06:30Z,Chengdu Open,Round 2,Hard,2970,Alejandro Tabilo,1266,Adrian Mannarino,2401.2,2249.3,623,1285,0.7180,2026-09-24T16:49+02:00,final,1266,6-4 6-4,v3,
184104,wta,2026-09-25T06:40Z,Singapore Tennis Open presented by BNP Paribas,Quarterfinal,Hard,3387,Wang Xinyu,12846,Tatiana Prozorova,2544.4,2475.2,441,289,0.5767,2026-09-24T16:49+02:00,final,12846,3-6 7-5 6-4,v3,
183355,atp,2026-09-25T07:00Z,AITO Hangzhou Open,Round 2,Hard,9213,Fabian Marozsan,1837,Taro Daniel,2356.4,2167.6,436,1030,0.7622,2026-09-24T11:11+02:00,final,9213,6-7(2) 7-5 7-6(1),v3,
183410,atp,2026-09-25T08:30Z,Chengdu Open,Round 2,Hard,2498,Nikoloz Basilashvili,3310,Botic Van De Zandschulp,2205.5,2437.9,897,609,0.1919,2026-09-24T16:49+02:00,final,2498,6-4 7-5,v3,
183368,atp,2026-09-25T09:00Z,AITO Hangzhou Open,Round 2,Hard,3716,Rinky Hijikata,2642,Andrey Rublev,2299.4,2464.6,433,811,0.2657,2026-09-24T16:49+02:00,final,2642,6-3 6-3,v3,
184011,wta,2026-09-25T09:00Z,Turk Telekom Ankara Open,Quarterfinal,Hard,13737,Ksenia Zaytseva,17104,Polina Iatcenko,2079.7,2344.5,152,279,0.2345,2026-09-23T16:58+02:00,final,17104,6-3 6-2,v3,
184012,wta,2026-09-25T09:00Z,Turk Telekom Ankara Open,Quarterfinal,Hard,16002,Teodora Kostovic,13708,Tian Fangran,2328.2,2264.2,116,180,0.5711,2026-09-24T16:49+02:00,final,16002,6-0 7-5,v3,
183898,wta,2026-09-25T10:30Z,Delta Motors Tolentino Open,Quarterfinal,Clay,12957,Guiomar Maristany Zuleta De Reales,2984,Rebeka Masarova,2378.9,2437.6,466,431,0.4348,2026-09-23T19:47+02:00,final,12957,6-4 6-3,v3,
184106,wta,2026-09-25T10:30Z,Singapore Tennis Open presented by BNP Paribas,Quarterfinal,Hard,9820,Mirra Andreeva,3641,Leylah Fernandez,2880.3,2647.4,251,390,0.7389,2026-09-23T16:25+02:00,final,3641,6-2 7-5,v3,
184009,wta,2026-09-25T11:00Z,Turk Telekom Ankara Open,Quarterfinal,Hard,3141,Berfu Cengiz,15426,Shi Han,2133.3,2234.5,441,228,0.3889,2026-09-23T19:47+02:00,final,3141,6-3 6-4,v3,
183364,atp,2026-09-25T11:30Z,AITO Hangzhou Open,Round 2,Hard,10219,Jaime Faria,3375,Hugo Gaston,2337.7,2247.3,316,487,0.6351,2026-09-24T11:11+02:00,final,3375,4-6 7-6(5) 6-4,v3,
183899,wta,2026-09-25T12:00Z,Delta Motors Tolentino Open,Quarterfinal,Clay,13219,Mia Ristic,3909,Jessica Pieri,2309.4,2124.9,252,484,0.6952,2026-09-23T23:22+02:00,final,3909,6-4 6-4,v3,
183964,wta,2026-09-25T12:00Z,Eupago Porto Open,Quarterfinal,Hard,3490,Elena Malygina,7797,Sinja Kraus,2209.6,2397.8,428,477,0.3014,2026-09-23T16:25+02:00,final,7797,6-7(5) 6-3 6-4,v3,
183965,wta,2026-09-25T12:00Z,Eupago Porto Open,Quarterfinal,Hard,6823,Reese Brantmeier,16295,Angelina Voloshchuk,2212.0,2108.1,89,116,0.6140,2026-09-24T16:49+02:00,final,6823,6-3 6-2,v3,
184103,wta,2026-09-25T12:00Z,Singapore Tennis Open presented by BNP Paribas,Quarterfinal,Hard,3018,Maria Sakkari,6708,Talia Gibson,2632.6,2547.7,833,340,0.5937,2026-09-24T20:25+02:00,final,6708,6-1 4-6 6-2,v3,
183963,wta,2026-09-25T13:30Z,Eupago Porto Open,Quarterfinal,Hard,10501,Maria Timofeeva,13314,Gabriela Knutson,2488.3,2360.4,344,298,0.6392,2026-09-23T19:47+02:00,final,10501,6-1 6-2,v3,
184010,wta,2026-09-25T13:30Z,Turk Telekom Ankara Open,Quarterfinal,Hard,16142,Deniz Dilek,7816,Anastasia Gasanova,2069.2,2339.9,22,491,0.2299,2026-09-24T20:25+02:00,final,16142,4-6 6-2 7-5,v3,
183966,wta,2026-09-25T15:15Z,Eupago Porto Open,Quarterfinal,Hard,16296,Mia Pohankova,2752,Katie Swan,2456.1,2414.3,61,370,0.5465,2026-09-24T20:25+02:00,final,16296,3-6 7-5 6-1,v3,
183900,wta,2026-09-25T15:30Z,Delta Motors Tolentino Open,Quarterfinal,Clay,2282,Ekaterine Gorgodze,6571,Oksana Selekhmeteva,2192.5,2330.1,933,344,0.3510,2026-09-24T20:25+02:00,final,6571,6-1 2-6 6-2,v3,
183901,wta,2026-09-25T17:30Z,Delta Motors Tolentino Open,Quarterfinal,Clay,5168,Nuria Brancaccio,2599,Julia Grabher,2313.7,2404.9,478,674,0.3995,2026-09-24T22:47+02:00,final,2599,2-6 6-1 6-4,v3,
184055,wta,2026-09-26T02:00Z,Korea Open,Quarterfinal,Hard,3746,Katie Volynets,2588,Kimberly Birrell,2614.9,2498.7,433,462,0.6270,2026-09-24T09:48+02:00,final,2588,2-6 6-2 7-5,v3,
184056,wta,2026-09-26T02:00Z,Korea Open,Quarterfinal,Hard,2734,Anna Bondar,2748,Elena-Gabriela Ruse,2488.5,2595.7,698,533,0.3825,2026-09-24T09:48+02:00,final,2734,6-4 1-6 6-2,v3,
184057,wta,2026-09-26T03:30Z,Korea Open,Quarterfinal,Hard,6953,Lanlana Tararudee,14146,Maya Joint,2534.2,2484.6,285,224,0.5551,2026-09-23T16:25+02:00,final,14146,6-4 6-3,v3,
184101,wta,2026-09-26T04:00Z,Singapore Tennis Open presented by BNP Paribas,Semifinal,Hard,12846,Tatiana Prozorova,6708,Talia Gibson,2484.7,2568.0,290,341,0.4081,2026-09-25T17:06+02:00,wo,6708,,v3,
184058,wta,2026-09-26T04:45Z,Korea Open,Quarterfinal,Hard,7672,Taylah Preston,9169,Alina Korneeva,2480.1,2650.8,256,182,0.3181,2026-09-24T11:11+02:00,final,9169,6-1 6-4,v3,
183416,atp,2026-09-26T05:00Z,Chengdu Open,Round 2,Hard,4008,Juan Manuel Cerundolo,3212,Alejandro Davidovich Fokina,2295.4,2480.6,480,535,0.2420,2026-09-24T16:49+02:00,final,3212,6-4 6-4,v3,
183359,atp,2026-09-26T05:30Z,AITO Hangzhou Open,Round 2,Hard,2362,Quentin Halys,2636,Roman Safiullin,2352.8,2343.4,790,640,0.5143,2026-09-24T16:49+02:00,final,2636,5-7 6-3 6-4,v3,
183409,atp,2026-09-26T06:30Z,Chengdu Open,Round 2,Hard,10130,Martin Damm,2726,Hubert Hurkacz,2279.1,2483.5,345,655,0.2207,2026-09-24T16:49+02:00,final,2726,4-6 6-3 6-4,v3,
183417,atp,2026-09-26T06:30Z,Chengdu Open,Round 2,Hard,14601,Federico Cina,3308,Alexandre Muller,2184.7,2198.0,159,740,0.4797,2026-09-24T16:49+02:00,final,3308,7-6(3) 6-1,v3,
184059,wta,2026-09-26T06:45Z,Korea Open,Semifinal,Hard,2734,Anna Bondar,2588,Kimberly Birrell,2497.5,2509.0,699,463,0.4872,2026-09-26T06:35+02:00,final,2588,7-5 2-6 6-1,v3,
183357,atp,2026-09-26T07:00Z,AITO Hangzhou Open,Round 2,Hard,11382,Bu Yunchaokete,2416,Kamil Majchrzak,2326.2,2376.8,317,666,0.4232,2026-09-24T16:49+02:00,final,11382,7-6(4) 6-7(5) 6-2,v3,
184060,wta,2026-09-26T08:15Z,Korea Open,Semifinal,Hard,9169,Alina Korneeva,14146,Maya Joint,2665.8,2506.9,183,225,0.6704,2026-09-26T08:01+02:00,ret,14146,6-2 1-0 RET,v3,
183408,atp,2026-09-26T08:30Z,Chengdu Open,Round 2,Hard,9376,Valentin Vacherot,2863,Lloyd Harris,2415.2,2323.9,391,628,0.6364,2026-09-24T16:49+02:00,final,2863,6-4 7-6(5),v3,
183347,atp,2026-09-26T10:00Z,AITO Hangzhou Open,Round 2,Hard,2383,Daniil Medvedev,4022,Valentin Royer,2580.1,2251.0,833,425,0.8868,2026-09-23T16:25+02:00,final,2383,7-6(6) 6-3,v3,
183968,wta,2026-09-26T10:00Z,Eupago Porto Open,Semifinal,Hard,6823,Reese Brantmeier,7797,Sinja Kraus,2239.7,2404.1,90,478,0.3242,2026-09-25T20:21+02:00,final,6823,6-3 6-0,v3,
184013,wta,2026-09-26T10:00Z,Turk Telekom Ankara Open,Semifinal,Hard,16002,Teodora Kostovic,17104,Polina Iatcenko,2366.5,2352.7,117,280,0.5154,2026-09-25T17:06+02:00,final,16002,7-5 7-5,v3,
184102,wta,2026-09-26T10:00Z,Singapore Tennis Open presented by BNP Paribas,Semifinal,Hard,3641,Leylah Fernandez,3417,Maja Chwalinska,2674.2,2586.8,391,373,0.5964,2026-09-25T17:06+02:00,final,3641,1-6 6-4 6-2,v3,
183967,wta,2026-09-26T11:00Z,Eupago Porto Open,Semifinal,Hard,10501,Maria Timofeeva,16296,Mia Pohankova,2508.1,2475.7,345,62,0.5362,2026-09-25T20:21+02:00,final,10501,6-2 6-7(3) 6-3,v3,
183361,atp,2026-09-26T11:30Z,AITO Hangzhou Open,Round 2,Hard,11398,Chak Lam Coleman Wong,11396,Adolfo Daniel Vallejo,2259.1,2174.4,15,197,0.6269,2026-09-24T16:49+02:00,final,11398,7-6(2) 4-6 6-3,v3,
184014,wta,2026-09-26T11:30Z,Turk Telekom Ankara Open,Semifinal,Hard,16142,Deniz Dilek,3141,Berfu Cengiz,2120.2,2153.4,23,442,0.4630,2026-09-25T20:21+02:00,final,3141,6-1 6-1,v3,
183903,wta,2026-09-26T14:20Z,Delta Motors Tolentino Open,Semifinal,Clay,12957,Guiomar Maristany Zuleta De Reales,3909,Jessica Pieri,2395.6,2141.7,467,485,0.7566,2026-09-25T17:06+02:00,final,12957,6-1 6-2,v3,
183902,wta,2026-09-26T15:30Z,Delta Motors Tolentino Open,Semifinal,Clay,2599,Julia Grabher,6571,Oksana Selekhmeteva,2410.9,2339.9,675,345,0.5786,2026-09-26T01:12+02:00,final,2599,7-6(5) 6-1,v3,
183418,atp,2026-09-27T05:00Z,Chengdu Open,Quarterfinal,Hard,3621,Jenson Brooksby,2498,Nikoloz Basilashvili,2318.9,2222.2,275,898,0.6441,2026-09-25T17:06+02:00,final,2498,6-4 7-6(4),v3,
183371,atp,2026-09-27T05:30Z,AITO Hangzhou Open,Quarterfinal,Hard,9213,Fabian Marozsan,7509,Kyrian Jacquet,2360.6,2276.8,437,375,0.6256,2026-09-25T17:06+02:00,final,7509,7-6(12) 6-4,v3,
183419,atp,2026-09-27T06:30Z,Chengdu Open,Quarterfinal,Hard,3308,Alexandre Muller,3212,Alejandro Davidovich Fokina,2211.4,2485.8,741,536,0.1538,2026-09-26T11:47+02:00,final,3212,6-1 7-5,v3,
184061,wta,2026-09-27T06:30Z,Korea Open,Final,Hard,14146,Maya Joint,2588,Kimberly Birrell,2506.9,2517.8,225,464,0.4878,2026-09-26T16:17+02:00,final,2588,6-4 6-2,v3,
183370,atp,2026-09-27T07:00Z,AITO Hangzhou Open,Quarterfinal,Hard,3375,Hugo Gaston,2642,Andrey Rublev,2258.8,2470.7,488,812,0.2126,2026-09-25T17:06+02:00,final,2642,6-7(6) 7-6(4) 6-1,v3,
183414,atp,2026-09-27T08:00Z,Chengdu Open,Quarterfinal,Hard,1266,Adrian Mannarino,2860,Denis Shapovalov,2262.0,2454.6,1286,563,0.2337,2026-09-25T11:31+02:00,final,2860,6-7(6) 6-3 6-2,v3,
184107,wta,2026-09-27T09:00Z,Singapore Tennis Open presented by BNP Paribas,Final,Hard,3641,Leylah Fernandez,6708,Talia Gibson,2679.7,2568.0,392,341,0.6222,2026-09-26T16:17+02:00,final,3641,7-5 6-0,v3,
183372,atp,2026-09-27T10:00Z,AITO Hangzhou Open,Quarterfinal,Hard,2636,Roman Safiullin,11382,Bu Yunchaokete,2352.7,2340.1,641,318,0.5192,2026-09-26T16:17+02:00,final,2636,6-3 6-3,v3,
183415,atp,2026-09-27T10:00Z,Chengdu Open,Quarterfinal,Hard,2863,Lloyd Harris,2726,Hubert Hurkacz,2336.3,2486.9,629,656,0.2839,2026-09-26T16:17+02:00,final,2726,7-6(10) 6-4,v3,
183969,wta,2026-09-27T10:00Z,Eupago Porto Open,Final,Hard,10501,Maria Timofeeva,6823,Reese Brantmeier,2521.2,2311.8,346,91,0.7182,2026-09-26T16:17+02:00,final,10501,7-6(8) 6-2,v3,
183373,atp,2026-09-27T11:30Z,AITO Hangzhou Open,Quarterfinal,Hard,2383,Daniil Medvedev,11398,Chak Lam Coleman Wong,2581.7,2281.9,834,16,0.8662,2026-09-26T20:01+02:00,final,2383,6-3 6-7(2) 6-3,v3,
184015,wta,2026-09-27T12:00Z,Turk Telekom Ankara Open,Final,Hard,3141,Berfu Cengiz,16002,Teodora Kostovic,2182.9,2389.6,443,118,0.2843,2026-09-26T16:17+02:00,final,3141,2-6 6-4 7-5,v3,
183904,wta,2026-09-27T14:00Z,Delta Motors Tolentino Open,Final,Clay,12957,Guiomar Maristany Zuleta De Reales,2599,Julia Grabher,2404.4,2421.5,468,676,0.4810,2026-09-26T20:01+02:00,final,2599,7-6(5) 6-2,v3,
184178,wta,2026-09-28T03:00Z,Jingshan Tennis Open,Round 1,Hard,13738,Mei Yamaguchi,2608,Zheng Wushuang,2112.5,2012.8,349,291,0.6096,2026-09-27T11:55+02:00,final,2608,6-1 6-3,v3,
184181,wta,2026-09-28T03:00Z,Jingshan Tennis Open,Round 1,Hard,4943,Yang Yidi,2387,Fiona Ferro,2115.9,2384.9,316,557,0.2311,2026-09-27T08:21+02:00,final,2387,6-4 2-6 6-1,v3,
184184,wta,2026-09-28T03:00Z,Jingshan Tennis Open,Round 1,Hard,13679,Sara Saito,17166,Chenting Zhu,2171.3,1953.7,203,105,0.7255,2026-09-27T08:21+02:00,final,17166,6-2 6-3,v3,1
184170,wta,2026-09-28T04:30Z,Jingshan Tennis Open,Round 1,Hard,6189,Wei Sijia,17165,Yujia Huang,2212.7,1974.8,292,87,0.7432,2026-09-27T11:55+02:00,final,6189,6-3 1-6 7-6(6),v3,
184172,wta,2026-09-28T04:30Z,Jingshan Tennis Open,Round 1,Hard,2509,Lu Jia-Jing,17296,Hayu Kinoshita,2104.1,2232.2,889,172,0.3607,2026-09-27T08:21+02:00,final,2509,6-4 6-3,v3,
184176,wta,2026-09-28T06:00Z,Jingshan Tennis Open,Round 1,Hard,3461,Haruka Kaji,12287,Emerson Jones,2107.9,2351.5,508,141,0.2519,2026-09-27T08:21+02:00,final,12287,6-2 6-4,v3,
184125,wta,2026-09-28T08:30Z,Adana Open,Round 1,Hard,3184,Emiliana Arango,2902,Anna Blinkova,2318.1,2462.4,419,609,0.3443,2026-09-27T20:07+02:00,final,2902,7-6(4) 6-2,v3,
184137,wta,2026-09-28T08:30Z,Adana Open,Round 1,Hard,5749,Julia Riera,5076,Anna Siskova,2168.0,2329.4,380,436,0.3272,2026-09-27T17:03+02:00,final,5749,7-5 6-2,v3,
184140,wta,2026-09-28T08:30Z,Adana Open,Round 1,Hard,6816,Antonia Ruzic,17702,Vendula Valdmannova,2423.0,2351.4,344,116,0.5793,2026-09-27T17:03+02:00,final,6816,6-4 6-3,v3,
183421,atp,2026-09-28T09:00Z,Chengdu Open,Semifinal,Hard,2498,Nikoloz Basilashvili,3212,Alejandro Davidovich Fokina,2233.9,2489.8,899,537,0.1697,2026-09-27T11:55+02:00,final,3212,4-6 6-4 6-3,v3,
183374,atp,2026-09-28T09:30Z,AITO Hangzhou Open,Semifinal,Hard,7509,Kyrian Jacquet,2642,Andrey Rublev,2293.1,2474.0,376,813,0.2469,2026-09-27T17:03+02:00,final,2642,7-6(0) 6-1,v3,
184132,wta,2026-09-28T10:00Z,Adana Open,Round 1,Hard,15344,Elena Ruxandra Bertea,8067,Lucrezia Stefanini,1962.4,2353.1,166,579,0.1486,2026-09-27T20:07+02:00,final,8067,3-6 6-4 6-2,v3,
184124,wta,2026-09-28T10:45Z,Adana Open,Round 1,Hard,4453,Leolia Jeanjean,5057,Suzan Lamens,2365.7,2334.9,415,536,0.5344,2026-09-27T17:03+02:00,final,4453,4-6 6-3 6-2,v3,
184130,wta,2026-09-28T10:50Z,Adana Open,Round 1,Hard,7849,Noma Noha Akugue,8699,Fiona Crawley,2365.4,2260.8,358,127,0.6148,2026-09-27T20:07+02:00,final,8699,6-3 6-1,v3,
183420,atp,2026-09-28T11:00Z,Chengdu Open,Semifinal,Hard,2726,Hubert Hurkacz,2860,Denis Shapovalov,2491.9,2459.3,657,564,0.5498,2026-09-27T17:03+02:00,final,2726,6-7(8) 6-3 6-3,v3,
183375,atp,2026-09-28T11:30Z,AITO Hangzhou Open,Semifinal,Hard,2383,Daniil Medvedev,2636,Roman Safiullin,2583.6,2366.5,835,642,0.7928,2026-09-27T17:03+02:00,final,2383,7-5 6-4,v3,
184127,wta,2026-09-28T11:30Z,Adana Open,Round 1,Hard,2736,Viktoria Hruncakova,7816,Anastasia Gasanova,2187.4,2323.8,705,492,0.3522,2026-09-27T20:07+02:00,ret,2736,4-2 RET,v3,
184169,wta,2026-09-29T03:00Z,Jingshan Tennis Open,Round 1,Hard,1273,Kristina Mladenovic,14562,Sofia Costoulas,2116.9,2308.6,840,318,0.2981,2026-09-27T08:21+02:00,final,14562,6-2 7-5,v3,
184174,wta,2026-09-29T03:00Z,Jingshan Tennis Open,Round 1,Hard,10858,Alexandra Shubladze,11553,Rina Saigo,2421.3,2029.6,208,393,0.8519,2026-09-27T08:21+02:00,final,10858,7-5 6-3,v3,1
184180,wta,2026-09-29T03:00Z,Jingshan Tennis Open,Round 1,Hard,14606,Tyra Caterina Grant,14566,Aliona Falei,2320.9,2286.4,117,274,0.5385,2026-09-27T08:21+02:00,final,14566,6-4 6-1,v3,
184177,wta,2026-09-29T04:30Z,Jingshan Tennis Open,Round 1,Hard,4969,Viktoria Morvayova,2929,Sara Sorribes Tormo,2089.4,2371.3,464,679,0.2211,2026-09-27T08:21+02:00,final,2929,6-0 2-6 7-6(1),v3,
184182,wta,2026-09-29T04:30Z,Jingshan Tennis Open,Round 1,Hard,2431,Kyoka Okamura,17164,Ru Xi Wu,2175.1,1574.1,620,2,0.9361,2026-09-27T08:21+02:00,final,2431,6-2 6-4,v3,
184179,wta,2026-09-29T05:30Z,Jingshan Tennis Open,Round 1,Hard,17362,Kristiana Sidorova,19070,Daria Egorova,2122.0,2209.6,141,83,0.4034,2026-09-27T11:55+02:00,final,17362,6-3 6-4,v3,
184183,wta,2026-09-29T06:30Z,Jingshan Tennis Open,Round 1,Hard,14955,Alevtina Ibragimova,18680,Darya Khamutsianskaya,2288.5,1662.8,208,4,0.9424,2026-09-27T08:21+02:00,final,14955,3-6 6-4 7-5,v3,
184173,wta,2026-09-29T08:20Z,Jingshan Tennis Open,Round 1,Hard,12959,Amelia Rajecki,13765,Wang Yuhan,2035.7,1813.3,145,46,0.7298,2026-09-27T11:55+02:00,final,13765,6-4 3-6 7-6(1),v3,
184175,wta,2026-09-29T08:30Z,Jingshan Tennis Open,Round 1,Hard,6059,Jessica Bouzas Maneiro,13708,Tian Fangran,2479.6,2240.2,418,181,0.7445,2026-09-27T08:21+02:00,ret,6059,6-3 4-1 RET,v3,
184171,wta,2026-09-29T08:40Z,Jingshan Tennis Open,Round 1,Hard,3001,Katarina Zavatska,3401,Sofya Lansere,2160.8,2146.5,487,339,0.5160,2026-09-27T08:21+02:00,final,3401,6-3 6-0,v3,
184126,wta,2026-09-29T09:00Z,Adana Open,Round 1,Hard,2764,Dalma Galfi,8560,Elena Micic,2375.7,2052.2,600,214,0.8093,2026-09-28T12:45+02:00,final,2764,7-5 6-0,v3,
184141,wta,2026-09-29T09:00Z,Adana Open,Round 1,Hard,5626,Anastasia Tikhonova,3388,Simona Waltert,2061.7,2359.4,393,506,0.2092,2026-09-27T20:07+02:00,final,3388,3-6 7-6(4) 6-3,v3,
184145,wta,2026-09-29T09:00Z,Adana Open,Round 1,Hard,14946,Elena Pridankina,3185,Ayla Aksu,2296.1,2201.1,287,567,0.6045,2026-09-27T20:07+02:00,final,14946,6-3 6-3,v3,
184123,wta,2026-09-29T10:30Z,Adana Open,Round 1,Hard,8410,Lola Radivojevic,14147,Melisa Ercan,2254.8,1937.4,290,151,0.8050,2026-09-27T17:03+02:00,final,14147,6-2 6-2,v3,
184138,wta,2026-09-29T10:30Z,Adana Open,Round 1,Hard,4666,Lucia Bronzetti,6403,Lois Boisson,2265.2,2360.3,557,234,0.3954,2026-09-27T20:07+02:00,final,6403,6-1 6-2,v3,
184143,wta,2026-09-29T10:30Z,Adana Open,Round 1,Hard,17104,Polina Iatcenko,7438,Erika Andreeva,2340.3,2247.7,281,346,0.6020,2026-09-27T20:07+02:00,final,7438,6-3 6-2,v3,
183422,atp,2026-09-29T11:00Z,Chengdu Open,Final,Hard,2726,Hubert Hurkacz,3212,Alejandro Davidovich Fokina,2501.4,2492.6,658,538,0.5135,2026-09-28T20:01+02:00,final,3212,6-4 7-6(7),v3,
183376,atp,2026-09-29T11:30Z,AITO Hangzhou Open,Final,Hard,2383,Daniil Medvedev,2642,Andrey Rublev,2586.9,2479.4,836,814,0.6592,2026-09-28T20:01+02:00,final,2383,7-5 6-4,v3,
184129,wta,2026-09-29T12:20Z,Adana Open,Round 1,Hard,14024,Ksenia Efremova,6419,Martyna Kubka,2144.7,2251.4,57,328,0.3831,2026-09-27T20:07+02:00,final,6419,6-3 4-6 6-4,v3,
184134,wta,2026-09-29T12:50Z,Adana Open,Round 1,Hard,5299,Carole Monnet,1254,Cagla Buyukakcay,2195.0,2000.4,497,1032,0.7046,2026-09-27T20:07+02:00,final,1254,2-6 6-3 7-6(5),v3,
184128,wta,2026-09-29T18:00Z,Adana Open,Round 1,Hard,16002,Teodora Kostovic,3141,Berfu Cengiz,2372.4,2191.8,119,444,0.6914,2026-09-27T17:03+02:00,ret,16002,6-1 RET,v3,
183490,atp,2026-09-30T02:00Z,Kinoshita Group Japan Open Tennis Championships,Round 1,Hard,3754,Jiri Lehecka,3356,Zizou Bergs,2507.7,2353.2,433,537,0.7212,2026-09-28T12:45+02:00,other,,,v3,
183496,atp,2026-09-30T02:00Z,Kinoshita Group Japan Open Tennis Championships,Round 1,Hard,9376,Valentin Vacherot,11757,Alexander Blockx,2398.6,2448.4,392,236,0.4243,2026-09-28T12:45+02:00,final,9376,7-6(2) 7-6(4),v3,
183447,atp,2026-09-30T03:00Z,China Open,Round 1,Hard,2367,Karen Khachanov,3209,Felix Auger-Aliassime,2449.7,2561.8,740,633,0.3347,2026-09-28T12:45+02:00,final,2367,6-3 6-3,v3,
184189,wta,2026-09-30T03:00Z,Jingshan Tennis Open,Round 2,Hard,17166,Chenting Zhu,12287,Emerson Jones,2004.5,2361.9,106,142,0.1685,2026-09-28T12:45+02:00,final,12287,6-1 6-4,v3,1
184194,wta,2026-09-30T03:00Z,Jingshan Tennis Open,Round 2,Hard,10858,Alexandra Shubladze,2509,Lu Jia-Jing,2425.3,2118.6,209,890,0.7974,2026-09-29T07:21+02:00,final,10858,6-0 6-2,v3,1
184239,wta,2026-09-30T03:00Z,China Open,Round 1,Hard,6488,Darja Vidmanova,10501,Maria Timofeeva,2470.5,2528.6,225,347,0.4354,2026-09-28T12:45+02:00,final,10501,6-3 6-3,v3,
184242,wta,2026-09-30T03:00Z,China Open,Round 1,Hard,14146,Maya Joint,7797,Sinja Kraus,2484.9,2361.6,226,479,0.6342,2026-09-28T12:45+02:00,final,7797,6-3 3-6 7-5,v3,
184249,wta,2026-09-30T03:00Z,China Open,Round 1,Hard,3223,Catherine McNally,3142,Dayana Yastremska,2572.0,2481.9,328,460,0.5993,2026-09-28T12:45+02:00,final,3142,6-3 6-4,v3,
184258,wta,2026-09-30T03:00Z,China Open,Round 1,Hard,6368,Janice Tjen,2411,Anhelina Kalinina,2492.7,2465.9,180,584,0.5299,2026-09-28T12:45+02:00,final,6368,2-6 7-5 6-4,v3,
184276,wta,2026-09-30T03:00Z,China Open,Round 1,Hard,2748,Elena-Gabriela Ruse,10830,Lilli Tagger,2586.4,2556.3,534,126,0.5336,2026-09-28T12:45+02:00,final,2748,6-4 6-2,v3,
183488,atp,2026-09-30T03:30Z,Kinoshita Group Japan Open Tennis Championships,Round 1,Hard,2970,Alejandro Tabilo,2964,Tommy Paul,2382.2,2557.7,624,699,0.2533,2026-09-28T12:45+02:00,final,2970,6-1 6-2,v3,
184231,wta,2026-09-30T04:00Z,China Open,Round 1,Hard,-3,TBD,-4,TBD,1500.0,1500.0,0,0,0.5000,2026-09-27T08:21+02:00,scheduled,,,v3,
184234,wta,2026-09-30T04:00Z,China Open,Round 1,Hard,-3,TBD,-4,TBD,1500.0,1500.0,0,0,0.5000,2026-09-27T08:21+02:00,scheduled,,,v3,
184236,wta,2026-09-30T04:00Z,China Open,Round 1,Hard,-3,TBD,-4,TBD,1500.0,1500.0,0,0,0.5000,2026-09-27T08:21+02:00,scheduled,,,v3,
184237,wta,2026-09-30T04:00Z,China Open,Round 1,Hard,-3,TBD,-4,TBD,1500.0,1500.0,0,0,0.5000,2026-09-27T08:21+02:00,scheduled,,,v3,
184238,wta,2026-09-30T04:00Z,China Open,Round 1,Hard,-3,TBD,-4,TBD,1500.0,1500.0,0,0,0.5000,2026-09-27T08:21+02:00,scheduled,,,v3,
184241,wta,2026-09-30T04:00Z,China Open,Round 1,Hard,-3,TBD,-4,TBD,1500.0,1500.0,0,0,0.5000,2026-09-27T08:21+02:00,scheduled,,,v3,
184243,wta,2026-09-30T04:00Z,China Open,Round 1,Hard,-3,TBD,-4,TBD,1500.0,1500.0,0,0,0.5000,2026-09-27T08:21+02:00,scheduled,,,v3,
184245,wta,2026-09-30T04:00Z,China Open,Round 1,Hard,-3,TBD,-4,TBD,1500.0,1500.0,0,0,0.5000,2026-09-27T08:21+02:00,scheduled,,,v3,
184246,wta,2026-09-30T04:00Z,China Open,Round 1,Hard,-3,TBD,-4,TBD,1500.0,1500.0,0,0,0.5000,2026-09-27T08:21+02:00,scheduled,,,v3,
184250,wta,2026-09-30T04:00Z,China Open,Round 1,Hard,-3,TBD,-4,TBD,1500.0,1500.0,0,0,0.5000,2026-09-27T08:21+02:00,scheduled,,,v3,
184251,wta,2026-09-30T04:00Z,China Open,Round 1,Hard,-3,TBD,-4,TBD,1500.0,1500.0,0,0,0.5000,2026-09-27T08:21+02:00,scheduled,,,v3,
184253,wta,2026-09-30T04:00Z,China Open,Round 1,Hard,-3,TBD,-4,TBD,1500.0,1500.0,0,0,0.5000,2026-09-27T08:21+02:00,scheduled,,,v3,
184254,wta,2026-09-30T04:00Z,China Open,Round 1,Hard,-3,TBD,-4,TBD,1500.0,1500.0,0,0,0.5000,2026-09-27T08:21+02:00,scheduled,,,v3,
184256,wta,2026-09-30T04:00Z,China Open,Round 1,Hard,-3,TBD,-4,TBD,1500.0,1500.0,0,0,0.5000,2026-09-27T08:21+02:00,scheduled,,,v3,
184259,wta,2026-09-30T04:00Z,China Open,Round 1,Hard,-3,TBD,-4,TBD,1500.0,1500.0,0,0,0.5000,2026-09-27T08:21+02:00,scheduled,,,v3,
184260,wta,2026-09-30T04:00Z,China Open,Round 1,Hard,-3,TBD,-4,TBD,1500.0,1500.0,0,0,0.5000,2026-09-27T08:21+02:00,scheduled,,,v3,
184261,wta,2026-09-30T04:00Z,China Open,Round 1,Hard,-3,TBD,-4,TBD,1500.0,1500.0,0,0,0.5000,2026-09-27T08:21+02:00,scheduled,,,v3,
184264,wta,2026-09-30T04:00Z,China Open,Round 1,Hard,-3,TBD,-4,TBD,1500.0,1500.0,0,0,0.5000,2026-09-27T08:21+02:00,scheduled,,,v3,
184269,wta,2026-09-30T04:00Z,China Open,Round 1,Hard,-3,TBD,-4,TBD,1500.0,1500.0,0,0,0.5000,2026-09-27T08:21+02:00,scheduled,,,v3,
184272,wta,2026-09-30T04:00Z,China Open,Round 1,Hard,-3,TBD,-4,TBD,1500.0,1500.0,0,0,0.5000,2026-09-27T08:21+02:00,scheduled,,,v3,
184273,wta,2026-09-30T04:00Z,China Open,Round 1,Hard,-3,TBD,-4,TBD,1500.0,1500.0,0,0,0.5000,2026-09-27T08:21+02:00,scheduled,,,v3,
184275,wta,2026-09-30T04:00Z,China Open,Round 1,Hard,-3,TBD,-4,TBD,1500.0,1500.0,0,0,0.5000,2026-09-27T08:21+02:00,scheduled,,,v3,
184277,wta,2026-09-30T04:00Z,China Open,Round 1,Hard,-3,TBD,-4,TBD,1500.0,1500.0,0,0,0.5000,2026-09-27T08:21+02:00,scheduled,,,v3,
184278,wta,2026-09-30T04:00Z,China Open,Round 1,Hard,-3,TBD,-4,TBD,1500.0,1500.0,0,0,0.5000,2026-09-27T08:21+02:00,scheduled,,,v3,
184281,wta,2026-09-30T04:00Z,China Open,Round 1,Hard,-3,TBD,-4,TBD,1500.0,1500.0,0,0,0.5000,2026-09-27T08:21+02:00,scheduled,,,v3,
184282,wta,2026-09-30T04:00Z,China Open,Round 1,Hard,-3,TBD,-4,TBD,1500.0,1500.0,0,0,0.5000,2026-09-27T08:21+02:00,scheduled,,,v3,
184284,wta,2026-09-30T04:00Z,China Open,Round 1,Hard,-3,TBD,-4,TBD,1500.0,1500.0,0,0,0.5000,2026-09-27T08:21+02:00,scheduled,,,v3,
184287,wta,2026-09-30T04:00Z,China Open,Round 1,Hard,-3,TBD,-4,TBD,1500.0,1500.0,0,0,0.5000,2026-09-27T08:21+02:00,scheduled,,,v3,
184290,wta,2026-09-30T04:00Z,China Open,Round 1,Hard,-3,TBD,-4,TBD,1500.0,1500.0,0,0,0.5000,2026-09-27T08:21+02:00,scheduled,,,v3,
184291,wta,2026-09-30T04:00Z,China Open,Round 1,Hard,-3,TBD,-4,TBD,1500.0,1500.0,0,0,0.5000,2026-09-27T08:21+02:00,scheduled,,,v3,
184293,wta,2026-09-30T04:00Z,China Open,Round 1,Hard,-3,TBD,-4,TBD,1500.0,1500.0,0,0,0.5000,2026-09-27T08:21+02:00,scheduled,,,v3,
184294,wta,2026-09-30T04:00Z,China Open,Round 1,Hard,-3,TBD,-4,TBD,1500.0,1500.0,0,0,0.5000,2026-09-27T08:21+02:00,scheduled,,,v3,
184263,wta,2026-09-30T04:30Z,China Open,Round 1,Hard,5941,Daria Snigur,3889,Katarzyna Kawa,2625.2,2192.1,421,682,0.8737,2026-09-29T14:34+02:00,live,,,v3,
184266,wta,2026-09-30T04:30Z,China Open,Round 1,Hard,2179,Mayar Sherif,6413,Polina Kudermetova,2262.6,2411.6,509,371,0.3395,2026-09-28T12:45+02:00,live,,,v3,
184283,wta,2026-09-30T04:30Z,China Open,Round 1,Hard,2458,Viktorija Golubic,5937,Elvina Kalieva,2511.2,2317.1,816,366,0.7041,2026-09-29T14:34+02:00,live,,,v3,
183461,atp,2026-09-30T05:00Z,China Open,Round 1,Hard,2337,Jan-Lennard Struff,4010,Thiago Agustin Tirante,2286.0,2325.7,1038,460,0.4396,2026-09-28T12:45+02:00,live,,,v3,
184280,wta,2026-09-30T06:05Z,China Open,Round 1,Hard,1809,Aliaksandra Sasnovich,6708,Talia Gibson,2504.6,2552.4,770,342,0.4468,2026-09-29T14:34+02:00,scheduled,,,v3,
184233,wta,2026-09-30T06:20Z,China Open,Round 1,Hard,5712,Bai Zhuoxuan,6929,Linda Fruhvirtova,2418.8,2302.3,210,288,0.6272,2026-09-29T14:34+02:00,scheduled,,,v3,
184188,wta,2026-09-30T06:30Z,Jingshan Tennis Open,Round 2,Hard,2608,Zheng Wushuang,2929,Sara Sorribes Tormo,2046.7,2374.6,292,680,0.1877,2026-09-29T10:07+02:00,scheduled,,,v3,
184240,wta,2026-09-30T06:30Z,China Open,Round 1,Hard,2584,Maddison Inglis,5604,Zeynep Sonmez,2340.6,2507.3,460,418,0.3220,2026-09-29T14:34+02:00,scheduled,,,v3,
184265,wta,2026-09-30T06:30Z,China Open,Round 1,Hard,5705,Oleksandra Oliynykova,2916,Yuan Yue,2294.7,2389.0,420,489,0.3962,2026-09-28T12:45+02:00,scheduled,,,v3,
183456,atp,2026-09-30T07:00Z,China Open,Round 1,Hard,4008,Juan Manuel Cerundolo,11382,Bu Yunchaokete,2288.1,2322.8,481,319,0.4471,2026-09-28T12:45+02:00,scheduled,,,v3,
183489,atp,2026-09-30T07:00Z,Kinoshita Group Japan Open Tennis Championships,Round 1,Hard,10052,Arthur Fils,8814,Luca Van Assche,2629.6,2352.1,319,381,0.8488,2026-09-29T14:34+02:00,scheduled,,,v3,
183494,atp,2026-09-30T07:30Z,Kinoshita Group Japan Open Tennis Championships,Round 1,Hard,3739,Tomas Martin Etcheverry,2869,Stefanos Tsitsipas,2339.3,2486.6,605,783,0.2881,2026-09-29T14:34+02:00,scheduled,,,v3,
184193,wta,2026-09-30T07:30Z,Jingshan Tennis Open,Round 2,Hard,6189,Wei Sijia,2387,Fiona Ferro,2214.8,2389.1,293,558,0.3146,2026-09-28T12:45+02:00,scheduled,,,v3,
184235,wta,2026-09-30T08:00Z,China Open,Round 1,Hard,3153,Mai Hontama,2054,Katie Boulter,2263.3,2541.4,492,560,0.2241,2026-09-29T14:34+02:00,scheduled,,,v3,
183495,atp,2026-09-30T08:30Z,Kinoshita Group Japan Open Tennis Championships,Round 1,Hard,3793,Matteo Arnaldi,13871,Rei Sakamoto,2277.3,2248.7,379,172,0.5436,2026-09-28T12:45+02:00,scheduled,,,v3,
184262,wta,2026-09-30T08:30Z,China Open,Round 1,Hard,7672,Taylah Preston,3040,Tamara Korpatsch,2467.0,2338.7,257,651,0.6395,2026-09-28T12:45+02:00,scheduled,,,v3,
183449,atp,2026-09-30T09:00Z,China Open,Round 1,Hard,3024,Zhang Zhizhen,10427,Arthur Gea,2186.4,2395.1,516,251,0.2160,2026-09-29T10:07+02:00,scheduled,,,v3,
184136,wta,2026-09-30T09:00Z,Adana Open,Round 2,Hard,6816,Antonia Ruzic,5749,Julia Riera,2436.5,2200.8,345,381,0.7413,2026-09-28T12:45+02:00,scheduled,,,v3,
184142,wta,2026-09-30T09:00Z,Adana Open,Round 2,Hard,6403,Lois Boisson,6419,Martyna Kubka,2392.0,2258.6,235,329,0.6447,2026-09-29T20:01+02:00,scheduled,,,v3,
184144,wta,2026-09-30T09:00Z,Adana Open,Round 2,Hard,7438,Erika Andreeva,3388,Simona Waltert,2277.2,2361.7,347,507,0.4067,2026-09-29T20:01+02:00,scheduled,,,v3,
183455,atp,2026-09-30T11:00Z,China Open,Round 1,Hard,4115,Nuno Borges,296,Novak Djokovic,2393.9,2775.2,509,1447,0.0833,2026-09-28T12:45+02:00,scheduled,,,v3,
184139,wta,2026-09-30T11:00Z,Adana Open,Round 2,Hard,2736,Viktoria Hruncakova,2902,Anna Blinkova,2187.4,2470.0,705,610,0.2206,2026-09-28T20:01+02:00,scheduled,,,v3,
184146,wta,2026-09-30T11:00Z,Adana Open,Round 2,Hard,8699,Fiona Crawley,14946,Elena Pridankina,2310.5,2311.9,129,288,0.4985,2026-09-29T14:34+02:00,scheduled,,,v3,
184289,wta,2026-09-30T11:00Z,China Open,Round 1,Hard,6061,Elsa Jacquemot,2672,Magdalena Frech,2303.8,2528.9,400,674,0.2679,2026-09-29T14:34+02:00,scheduled,,,v3,
184135,wta,2026-09-30T12:00Z,Adana Open,Round 2,Hard,16002,Teodora Kostovic,2764,Dalma Galfi,2372.4,2381.3,119,601,0.4901,2026-09-30T00:54+02:00,scheduled,,,v3,
184288,wta,2026-09-30T12:30Z,China Open,Round 1,Hard,2734,Anna Bondar,2751,Renata Zarazua,2488.8,2392.5,700,675,0.6060,2026-09-28T12:45+02:00,scheduled,,,v3,
184133,wta,2026-09-30T13:30Z,Adana Open,Round 2,Hard,4453,Leolia Jeanjean,14147,Melisa Ercan,2378.3,1996.2,416,152,0.8465,2026-09-29T20:01+02:00,scheduled,,,v3,
184131,wta,2026-09-30T15:00Z,Adana Open,Round 2,Hard,1254,Cagla Buyukakcay,8067,Lucrezia Stefanini,2006.7,2355.0,1033,580,0.1742,2026-09-29T20:01+02:00,scheduled,,,v3,
184255,wta,2026-10-01T03:00Z,China Open,Round 1,Hard,6048,Zheng Qinwen,15426,Shi Han,2765.6,2230.9,364,231,0.9159,2026-09-29T14:34+02:00,scheduled,,,v3,
183438,atp,2026-10-01T04:00Z,China Open,Round 1,Hard,10386,Learner Tien,2726,Hubert Hurkacz,2532.0,2491.4,247,659,0.5617,2026-09-29T20:01+02:00,scheduled,,,v3,
183440,atp,2026-10-01T04:00Z,China Open,Round 1,Hard,2375,Alexander Zverev,2366,Cameron Norrie,2707.5,2423.2,899,653,0.8543,2026-09-28T12:45+02:00,scheduled,,,v3,
183441,atp,2026-10-01T04:00Z,China Open,Round 1,Hard,2636,Roman Safiullin,7602,Flavio Cobolli,2362.7,2418.5,643,426,0.4154,2026-09-28T20:01+02:00,scheduled,,,v3,
183443,atp,2026-10-01T04:00Z,China Open,Round 1,Hard,3319,Tallon Griekspoor,2642,Andrey Rublev,2369.3,2473.2,651,815,0.3460,2026-09-29T20:01+02:00,scheduled,,,v3,
183445,atp,2026-10-01T04:00Z,China Open,Round 1,Hard,11226,Ignacio Buse,2362,Quentin Halys,2332.1,2344.2,278,791,0.4815,2026-09-28T12:45+02:00,scheduled,,,v3,
183448,atp,2026-10-01T04:00Z,China Open,Round 1,Hard,2635,Alex Molcan,3511,Arthur Rinderknech,2261.5,2373.9,508,545,0.3341,2026-09-29T10:07+02:00,scheduled,,,v3,
183454,atp,2026-10-01T04:00Z,China Open,Round 1,Hard,2383,Daniil Medvedev,1590,Pablo Carreno Busta,2593.0,2380.8,837,943,0.7876,2026-09-29T20:01+02:00,scheduled,,,v3,
183457,atp,2026-10-01T04:00Z,China Open,Round 1,Hard,10073,Shang Juncheng,3340,Sebastian Baez,2293.2,2332.5,223,476,0.4402,2026-09-28T12:45+02:00,scheduled,,,v3,
183458,atp,2026-10-01T04:00Z,China Open,Round 1,Hard,2651,Alex de Minaur,9992,Mariano Navone,2556.0,2356.2,667,401,0.7743,2026-09-28T12:45+02:00,scheduled,,,v3,
183459,atp,2026-10-01T04:00Z,China Open,Round 1,Hard,2865,Alexander Bublik,10319,Jakub Mensik,2478.1,2503.5,681,268,0.4613,2026-09-28T12:45+02:00,scheduled,,,v3,
183460,atp,2026-10-01T04:00Z,China Open,Round 1,Hard,3310,Botic Van De Zandschulp,3700,Francisco Cerundolo,2423.9,2466.6,612,530,0.4350,2026-09-29T10:07+02:00,scheduled,,,v3,
183484,atp,2026-10-01T04:00Z,Kinoshita Group Japan Open Tennis Championships,Round 1,Hard,3659,Holger Rune,7509,Kyrian Jacquet,2527.5,2285.4,411,377,0.8176,2026-09-28T20:01+02:00,scheduled,,,v3,1
183485,atp,2026-10-01T04:00Z,Kinoshita Group Japan Open Tennis Championships,Round 1,Hard,10219,Jaime Faria,8621,Arthur Fery,2314.6,2317.1,319,246,0.4962,2026-09-30T08:01+02:00,scheduled,,,v3,
183486,atp,2026-10-01T04:00Z,Kinoshita Group Japan Open Tennis Championships,Round 1,Hard,2946,Taylor Fritz,2709,Jaume Munar,2583.0,2402.7,748,710,0.7522,2026-09-29T14:34+02:00,scheduled,,,v3,
183487,atp,2026-10-01T04:00Z,Kinoshita Group Japan Open Tennis Championships,Round 1,Hard,1035,Kei Nishikori,2708,Frances Tiafoe,2344.9,2553.0,821,698,0.2167,2026-09-28T12:45+02:00,scheduled,,,v3,
183491,atp,2026-10-01T04:00Z,Kinoshita Group Japan Open Tennis Championships,Round 1,Hard,3774,Brandon Nakashima,3085,Ugo Humbert,2519.5,2443.0,466,603,0.6150,2026-09-28T12:45+02:00,scheduled,,,v3,
183492,atp,2026-10-01T04:00Z,Kinoshita Group Japan Open Tennis Championships,Round 1,Hard,7833,Luciano Darderi,2989,Casper Ruud,2331.8,2540.6,398,682,0.2159,2026-09-28T12:45+02:00,scheduled,,,v3,
183493,atp,2026-10-01T04:00Z,Kinoshita Group Japan Open Tennis Championships,Round 1,Hard,2860,Denis Shapovalov,3935,Sho Shimabukuro,2449.4,2178.5,565,438,0.8433,2026-09-28T20:01+02:00,scheduled,,,v3,
183497,atp,2026-10-01T04:00Z,Kinoshita Group Japan Open Tennis Championships,Round 1,Hard,3782,Carlos Alcaraz,11400,Alex Michelsen,2866.6,2497.9,456,306,0.9102,2026-09-28T12:45+02:00,scheduled,,,v3,
183498,atp,2026-10-01T04:00Z,Kinoshita Group Japan Open Tennis Championships,Round 1,Hard,11396,Adolfo Daniel Vallejo,12657,Rafael Jodar,2225.9,2516.3,200,126,0.1409,2026-09-29T14:34+02:00,scheduled,,,v3,
183499,atp,2026-10-01T04:00Z,Kinoshita Group Japan Open Tennis Championships,Round 1,Hard,3212,Alejandro Davidovich Fokina,2622,Matteo Berrettini,2503.7,2466.6,539,536,0.5564,2026-09-29T20:01+02:00,scheduled,,,v3,
184185,wta,2026-10-01T04:00Z,Jingshan Tennis Open,Round 2,Hard,14566,Aliona Falei,17362,Kristiana Sidorova,2311.5,2149.9,275,142,0.6730,2026-09-29T10:07+02:00,scheduled,,,v3,
184186,wta,2026-10-01T04:00Z,Jingshan Tennis Open,Round 2,Hard,3401,Sofya Lansere,14562,Sofia Costoulas,2176.5,2317.8,340,319,0.3473,2026-09-29T14:34+02:00,scheduled,,,v3,
184187,wta,2026-10-01T04:00Z,Jingshan Tennis Open,Round 2,Hard,6059,Jessica Bouzas Maneiro,13765,Wang Yuhan,2479.6,1832.9,418,47,0.9473,2026-09-29T20:01+02:00,scheduled,,,v3,
184190,wta,2026-10-01T04:00Z,Jingshan Tennis Open,Round 2,Hard,14955,Alevtina Ibragimova,2431,Kyoka Okamura,2304.1,2176.0,211,621,0.6393,2026-09-30T08:01+02:00,scheduled,,,v3,
184232,wta,2026-10-01T04:00Z,China Open,Round 1,Hard,6953,Lanlana Tararudee,3404,Camila Osorio,2514.7,2542.6,286,388,0.4689,2026-09-28T12:45+02:00,scheduled,,,v3,
184248,wta,2026-10-01T04:00Z,China Open,Round 1,Hard,2200,Harriet Dart,15421,Qu Yihan,2396.8,1395.0,655,14,0.9887,2026-09-29T14:34+02:00,scheduled,,,v3,
184252,wta,2026-10-01T04:00Z,China Open,Round 1,Hard,3746,Katie Volynets,6723,Robin Montgomery,2603.8,2468.4,434,249,0.6468,2026-09-29T14:34+02:00,scheduled,,,v3,
184257,wta,2026-10-01T04:00Z,China Open,Round 1,Hard,13530,Aoi Ito,2588,Kimberly Birrell,2213.2,2533.9,292,465,0.1927,2026-09-28T12:45+02:00,scheduled,,,v3,
184267,wta,2026-10-01T04:00Z,China Open,Round 1,Hard,2746,Sofia Kenin,6724,Ashlyn Krueger,2399.6,2499.4,513,325,0.3903,2026-09-28T12:45+02:00,scheduled,,,v3,
184270,wta,2026-10-01T04:00Z,China Open,Round 1,Hard,1649,Magda Linette,2248,Katerina Siniakova,2481.4,2658.6,880,698,0.3118,2026-09-28T12:45+02:00,scheduled,,,v3,
184271,wta,2026-10-01T04:00Z,China Open,Round 1,Hard,19107,Yu Jun Lin,2140,Storm Hunter,1815.4,2439.2,13,396,0.0581,2026-09-29T14:34+02:00,scheduled,,,v3,
184279,wta,2026-10-01T04:00Z,China Open,Round 1,Hard,12315,Gao Xinyu,3000,Panna Udvardy,2306.8,2336.1,397,575,0.4674,2026-09-28T12:45+02:00,scheduled,,,v3,
184285,wta,2026-10-01T04:00Z,China Open,Round 1,Hard,7209,Sonay Kartal,4291,Andrea Lazaro Garcia,2662.1,2319.8,235,492,0.8218,2026-09-29T14:34+02:00,scheduled,,,v3,
184286,wta,2026-10-01T04:00Z,China Open,Round 1,Hard,13478,Yuliia Starodubtseva,6570,Alina Charaeva,2503.6,2389.0,256,315,0.6253,2026-09-28T12:45+02:00,scheduled,,,v3,
184292,wta,2026-10-01T04:00Z,China Open,Round 1,Hard,8690,Marina Bassols Ribera,3908,Kamilla Rakhimova,2232.0,2512.8,563,455,0.2220,2026-09-29T14:34+02:00,scheduled,,,v3,
184244,wta,2026-10-01T04:30Z,China Open,Round 1,Hard,2731,Paula Badosa,2191,Daria Kasatkina,2695.8,2539.6,566,651,0.6677,2026-09-28T12:45+02:00,scheduled,,,v3,
184268,wta,2026-10-01T06:00Z,China Open,Round 1,Hard,15422,Shao Yushan,5775,Anastasia Zakharova,1853.6,2440.2,26,469,0.0678,2026-09-28T12:45+02:00,scheduled,,,v3,
184274,wta,2026-10-01T09:00Z,China Open,Round 1,Hard,5309,Alycia Parks,2780,Zhu Lin,2370.5,2441.6,430,720,0.4213,2026-09-28T12:45+02:00,scheduled,,,v3,
184247,wta,2026-10-01T11:00Z,China Open,Round 1,Hard,5260,Eva Lys,17886,Xinran Sun,2471.3,2118.7,281,26,0.8285,2026-09-28T12:45+02:00,scheduled,,,v3,
183439,atp,2026-10-02T04:00Z,China Open,Round 2,Hard,-3,TBD,2367,Karen Khachanov,1500.0,2468.6,0,741,0.0015,2026-09-30T08:01+02:00,scheduled,,,v3,
183442,atp,2026-10-02T04:00Z,China Open,Round 2,Hard,-3,TBD,-4,TBD,1500.0,1500.0,0,0,0.5000,2026-09-27T08:21+02:00,scheduled,,,v3,
183444,atp,2026-10-02T04:00Z,China Open,Round 2,Hard,-3,TBD,-4,TBD,1500.0,1500.0,0,0,0.5000,2026-09-27T08:21+02:00,scheduled,,,v3,
183446,atp,2026-10-02T04:00Z,China Open,Round 2,Hard,-3,TBD,-4,TBD,1500.0,1500.0,0,0,0.5000,2026-09-27T08:21+02:00,scheduled,,,v3,
183450,atp,2026-10-02T04:00Z,China Open,Round 2,Hard,-3,TBD,-4,TBD,1500.0,1500.0,0,0,0.5000,2026-09-27T08:21+02:00,scheduled,,,v3,
183451,atp,2026-10-02T04:00Z,China Open,Round 2,Hard,-3,TBD,-4,TBD,1500.0,1500.0,0,0,0.5000,2026-09-27T08:21+02:00,scheduled,,,v3,
183452,atp,2026-10-02T04:00Z,China Open,Round 2,Hard,-3,TBD,-4,TBD,1500.0,1500.0,0,0,0.5000,2026-09-27T08:21+02:00,scheduled,,,v3,
183453,atp,2026-10-02T04:00Z,China Open,Round 2,Hard,-3,TBD,-4,TBD,1500.0,1500.0,0,0,0.5000,2026-09-27T08:21+02:00,scheduled,,,v3,
183500,atp,2026-10-02T04:00Z,Kinoshita Group Japan Open Tennis Championships,Round 2,Hard,-3,TBD,2970,Alejandro Tabilo,1500.0,2418.2,0,625,0.0022,2026-09-30T08:01+02:00,scheduled,,,v3,
183501,atp,2026-10-02T04:00Z,Kinoshita Group Japan Open Tennis Championships,Round 2,Hard,-3,TBD,-4,TBD,1500.0,1500.0,0,0,0.5000,2026-09-27T08:21+02:00,scheduled,,,v3,
183502,atp,2026-10-02T04:00Z,Kinoshita Group Japan Open Tennis Championships,Round 2,Hard,-3,TBD,-4,TBD,1500.0,1500.0,0,0,0.5000,2026-09-27T08:21+02:00,scheduled,,,v3,
183503,atp,2026-10-02T04:00Z,Kinoshita Group Japan Open Tennis Championships,Round 2,Hard,-3,TBD,-4,TBD,1500.0,1500.0,0,0,0.5000,2026-09-27T08:21+02:00,scheduled,,,v3,
183504,atp,2026-10-02T04:00Z,Kinoshita Group Japan Open Tennis Championships,Round 2,Hard,-3,TBD,-4,TBD,1500.0,1500.0,0,0,0.5000,2026-09-27T08:21+02:00,scheduled,,,v3,
183505,atp,2026-10-02T04:00Z,Kinoshita Group Japan Open Tennis Championships,Round 2,Hard,-3,TBD,-4,TBD,1500.0,1500.0,0,0,0.5000,2026-09-27T08:21+02:00,scheduled,,,v3,
183506,atp,2026-10-02T04:00Z,Kinoshita Group Japan Open Tennis Championships,Round 2,Hard,9376,Valentin Vacherot,-4,TBD,2411.4,1500.0,393,0,0.9977,2026-09-30T08:01+02:00,scheduled,,,v3,
183507,atp,2026-10-02T04:00Z,Kinoshita Group Japan Open Tennis Championships,Round 2,Hard,-3,TBD,-4,TBD,1500.0,1500.0,0,0,0.5000,2026-09-27T08:21+02:00,scheduled,,,v3,
184147,wta,2026-10-02T04:00Z,Adana Open,Quarterfinal,Hard,-3,TBD,-4,TBD,1500.0,1500.0,0,0,0.5000,2026-09-25T08:36+02:00,scheduled,,,v3,
184148,wta,2026-10-02T04:00Z,Adana Open,Quarterfinal,Hard,-3,TBD,-4,TBD,1500.0,1500.0,0,0,0.5000,2026-09-25T08:36+02:00,scheduled,,,v3,
184149,wta,2026-10-02T04:00Z,Adana Open,Quarterfinal,Hard,-3,TBD,-4,TBD,1500.0,1500.0,0,0,0.5000,2026-09-25T08:36+02:00,scheduled,,,v3,
184150,wta,2026-10-02T04:00Z,Adana Open,Quarterfinal,Hard,-3,TBD,-4,TBD,1500.0,1500.0,0,0,0.5000,2026-09-25T08:36+02:00,scheduled,,,v3,
184191,wta,2026-10-02T04:00Z,Jingshan Tennis Open,Quarterfinal,Hard,-3,TBD,-4,TBD,1500.0,1500.0,0,0,0.5000,2026-09-25T08:36+02:00,scheduled,,,v3,
184192,wta,2026-10-02T04:00Z,Jingshan Tennis Open,Quarterfinal,Hard,-3,TBD,-4,TBD,1500.0,1500.0,0,0,0.5000,2026-09-25T08:36+02:00,scheduled,,,v3,
184195,wta,2026-10-02T04:00Z,Jingshan Tennis Open,Quarterfinal,Hard,10858,Alexandra Shubladze,-4,TBD,2438.9,1500.0,210,0,0.9851,2026-09-30T08:01+02:00,scheduled,,,v3,1
184196,wta,2026-10-02T04:00Z,Jingshan Tennis Open,Quarterfinal,Hard,-3,TBD,12287,Emerson Jones,1500.0,2368.7,0,143,0.0202,2026-09-30T08:01+02:00,scheduled,,,v3,
184295,wta,2026-10-02T04:00Z,China Open,Round 2,Hard,-3,TBD,3038,Aryna Sabalenka,1500.0,3083.9,0,707,0.0008,2026-09-28T12:45+02:00,scheduled,,,v3,
184296,wta,2026-10-02T04:00Z,China Open,Round 2,Hard,7804,Nikola Bartunkova,-4,TBD,2602.1,1500.0,241,0,0.9928,2026-09-28T12:45+02:00,scheduled,,,v3,
184297,wta,2026-10-02T04:00Z,China Open,Round 2,Hard,3142,Dayana Yastremska,3417,Maja Chwalinska,2500.7,2580.7,461,374,0.4117,2026-09-30T08:01+02:00,scheduled,,,v3,
184298,wta,2026-10-02T04:00Z,China Open,Round 2,Hard,2971,Anastasia Potapova,7797,Sinja Kraus,2600.1,2373.8,422,480,0.7332,2026-09-30T08:01+02:00,scheduled,,,v3,
184299,wta,2026-10-02T04:00Z,China Open,Round 2,Hard,2615,Jasmine Paolini,-4,TBD,2685.3,1500.0,695,0,0.9950,2026-09-28T12:45+02:00,scheduled,,,v3,
184300,wta,2026-10-02T04:00Z,China Open,Round 2,Hard,6368,Janice Tjen,8017,Diana Shnaider,2499.8,2783.3,181,311,0.2198,2026-09-30T08:01+02:00,scheduled,,,v3,
184301,wta,2026-10-02T04:00Z,China Open,Round 2,Hard,3182,Ekaterina Alexandrova,-4,TBD,2656.2,1500.0,728,0,0.9943,2026-09-28T12:45+02:00,scheduled,,,v3,
184302,wta,2026-10-02T04:00Z,China Open,Round 2,Hard,-3,TBD,5848,Peyton Stearns,1500.0,2573.7,0,323,0.0082,2026-09-28T12:45+02:00,scheduled,,,v3,
184303,wta,2026-10-02T04:00Z,China Open,Round 2,Hard,-3,TBD,9820,Mirra Andreeva,1500.0,2846.2,0,252,0.0024,2026-09-28T12:45+02:00,scheduled,,,v3,
184304,wta,2026-10-02T04:00Z,China Open,Round 2,Hard,3792,Clara Tauson,-4,TBD,2582.0,1500.0,415,0,0.9921,2026-09-28T12:45+02:00,scheduled,,,v3,
184305,wta,2026-10-02T04:00Z,China Open,Round 2,Hard,-3,TBD,3332,Diane Parry,1500.0,2490.7,0,421,0.0118,2026-09-28T12:45+02:00,scheduled,,,v3,
184306,wta,2026-10-02T04:00Z,China Open,Round 2,Hard,10501,Maria Timofeeva,2789,Naomi Osaka,2545.0,2842.9,348,496,0.2090,2026-09-30T08:01+02:00,scheduled,,,v3,
184307,wta,2026-10-02T04:00Z,China Open,Round 2,Hard,7819,Sara Bejlek,-4,TBD,2617.1,1500.0,261,0,0.9932,2026-09-28T12:45+02:00,scheduled,,,v3,
184308,wta,2026-10-02T04:00Z,China Open,Round 2,Hard,-3,TBD,3840,Liudmila Samsonova,1500.0,2622.6,0,525,0.0066,2026-09-28T12:45+02:00,scheduled,,,v3,
184309,wta,2026-10-02T04:00Z,China Open,Round 2,Hard,3039,Karolina Muchova,-4,TBD,2836.1,1500.0,451,0,0.9974,2026-09-28T12:45+02:00,scheduled,,,v3,
184318,wta,2026-10-02T04:00Z,China Open,Round 2,Hard,6970,Linda Noskova,2748,Elena-Gabriela Ruse,2782.6,2603.0,322,535,0.6905,2026-09-30T08:01+02:00,scheduled,,,v3,
184151,wta,2026-10-03T04:00Z,Adana Open,Semifinal,Hard,-3,TBD,-4,TBD,1500.0,1500.0,0,0,0.5000,2026-09-25T08:36+02:00,scheduled,,,v3,
184153,wta,2026-10-03T04:00Z,Adana Open,Semifinal,Hard,-3,TBD,-4,TBD,1500.0,1500.0,0,0,0.5000,2026-09-25T08:36+02:00,scheduled,,,v3,
184197,wta,2026-10-03T04:00Z,Jingshan Tennis Open,Semifinal,Hard,-3,TBD,-4,TBD,1500.0,1500.0,0,0,0.5000,2026-09-25T17:06+02:00,scheduled,,,v3,
184199,wta,2026-10-03T04:00Z,Jingshan Tennis Open,Semifinal,Hard,-3,TBD,-4,TBD,1500.0,1500.0,0,0,0.5000,2026-09-25T17:06+02:00,scheduled,,,v3,
184310,wta,2026-10-03T04:00Z,China Open,Round 2,Hard,-3,TBD,3157,Cristina Bucsa,1500.0,2561.7,0,566,0.0086,2026-09-28T12:45+02:00,scheduled,,,v3,
184311,wta,2026-10-03T04:00Z,China Open,Round 2,Hard,3626,Coco Gauff,-4,TBD,2997.7,1500.0,435,0,0.9988,2026-09-28T12:45+02:00,scheduled,,,v3,
184312,wta,2026-10-03T04:00Z,China Open,Round 2,Hard,-3,TBD,1797,Elina Svitolina,1500.0,2861.6,0,830,0.0023,2026-09-28T12:45+02:00,scheduled,,,v3,
184313,wta,2026-10-03T04:00Z,China Open,Round 2,Hard,3018,Maria Sakkari,-4,TBD,2617.2,1500.0,834,0,0.9932,2026-09-28T12:45+02:00,scheduled,,,v3,
184314,wta,2026-10-03T04:00Z,China Open,Round 2,Hard,-3,TBD,3641,Leylah Fernandez,1500.0,2695.2,0,393,0.0048,2026-09-28T12:45+02:00,scheduled,,,v3,
184315,wta,2026-10-03T04:00Z,China Open,Round 2,Hard,14311,Iva Jovic,-4,TBD,2783.8,1500.0,163,0,0.9968,2026-09-28T12:45+02:00,scheduled,,,v3,
184316,wta,2026-10-03T04:00Z,China Open,Round 2,Hard,-3,TBD,2221,Elise Mertens,1500.0,2668.7,0,781,0.0054,2026-09-28T12:45+02:00,scheduled,,,v3,
184317,wta,2026-10-03T04:00Z,China Open,Round 2,Hard,2195,Jelena Ostapenko,-4,TBD,2582.9,1500.0,645,0,0.9921,2026-09-28T12:45+02:00,scheduled,,,v3,
184319,wta,2026-10-03T04:00Z,China Open,Round 2,Hard,-3,TBD,3730,Iga Swiatek,1500.0,2979.9,0,526,0.0013,2026-09-28T12:45+02:00,scheduled,,,v3,
184320,wta,2026-10-03T04:00Z,China Open,Round 2,Hard,2040,Donna Vekic,-4,TBD,2478.0,1500.0,737,0,0.9875,2026-09-28T12:45+02:00,scheduled,,,v3,
184321,wta,2026-10-03T04:00Z,China Open,Round 2,Hard,2392,Marie Bouzkova,-4,TBD,2639.8,1500.0,611,0,0.9939,2026-09-28T12:45+02:00,scheduled,,,v3,
184322,wta,2026-10-03T04:00Z,China Open,Round 2,Hard,-3,TBD,3387,Wang Xinyu,1500.0,2536.5,0,442,0.0097,2026-09-28T12:45+02:00,scheduled,,,v3,
184323,wta,2026-10-03T04:00Z,China Open,Round 2,Hard,3126,Elena Rybakina,-4,TBD,3078.2,1500.0,566,0,0.9991,2026-09-28T12:45+02:00,scheduled,,,v3,
184324,wta,2026-10-03T04:00Z,China Open,Round 2,Hard,-3,TBD,2977,Anna Kalinskaya,1500.0,2707.4,0,521,0.0045,2026-09-28T12:45+02:00,scheduled,,,v3,
184325,wta,2026-10-03T04:00Z,China Open,Round 2,Hard,-3,TBD,3380,Ann Li,1500.0,2559.6,0,455,0.0087,2026-09-28T12:45+02:00,scheduled,,,v3,
184326,wta,2026-10-03T04:00Z,China Open,Round 2,Hard,2183,Belinda Bencic,-4,TBD,2840.2,1500.0,643,0,0.9975,2026-09-28T12:45+02:00,scheduled,,,v3,
183462,atp,2026-10-04T04:00Z,China Open,Quarterfinal,Hard,-3,TBD,-4,TBD,1500.0,1500.0,0,0,0.5000,2026-09-27T08:21+02:00,scheduled,,,v3,
183463,atp,2026-10-04T04:00Z,China Open,Quarterfinal,Hard,-3,TBD,-4,TBD,1500.0,1500.0,0,0,0.5000,2026-09-27T08:21+02:00,scheduled,,,v3,
183464,atp,2026-10-04T04:00Z,China Open,Quarterfinal,Hard,-3,TBD,-4,TBD,1500.0,1500.0,0,0,0.5000,2026-09-27T08:21+02:00,scheduled,,,v3,
183465,atp,2026-10-04T04:00Z,China Open,Quarterfinal,Hard,-3,TBD,-4,TBD,1500.0,1500.0,0,0,0.5000,2026-09-27T08:21+02:00,scheduled,,,v3,
183508,atp,2026-10-04T04:00Z,Kinoshita Group Japan Open Tennis Championships,Quarterfinal,Hard,-3,TBD,-4,TBD,1500.0,1500.0,0,0,0.5000,2026-09-27T08:21+02:00,scheduled,,,v3,
183509,atp,2026-10-04T04:00Z,Kinoshita Group Japan Open Tennis Championships,Quarterfinal,Hard,-3,TBD,-4,TBD,1500.0,1500.0,0,0,0.5000,2026-09-27T08:21+02:00,scheduled,,,v3,
183510,atp,2026-10-04T04:00Z,Kinoshita Group Japan Open Tennis Championships,Quarterfinal,Hard,-3,TBD,-4,TBD,1500.0,1500.0,0,0,0.5000,2026-09-27T08:21+02:00,scheduled,,,v3,
183511,atp,2026-10-04T04:00Z,Kinoshita Group Japan Open Tennis Championships,Quarterfinal,Hard,-3,TBD,-4,TBD,1500.0,1500.0,0,0,0.5000,2026-09-27T08:21+02:00,scheduled,,,v3,
184152,wta,2026-10-04T04:00Z,Adana Open,Final,Hard,-3,TBD,-4,TBD,1500.0,1500.0,0,0,0.5000,2026-09-25T08:36+02:00,scheduled,,,v3,
184198,wta,2026-10-04T04:00Z,Jingshan Tennis Open,Final,Hard,-3,TBD,-4,TBD,1500.0,1500.0,0,0,0.5000,2026-09-25T17:06+02:00,scheduled,,,v3,
184327,wta,2026-10-04T04:00Z,China Open,Round 3,Hard,-3,TBD,-4,TBD,1500.0,1500.0,0,0,0.5000,2026-09-27T08:21+02:00,scheduled,,,v3,
184328,wta,2026-10-04T04:00Z,China Open,Round 3,Hard,-3,TBD,-4,TBD,1500.0,1500.0,0,0,0.5000,2026-09-27T08:21+02:00,scheduled,,,v3,
184329,wta,2026-10-04T04:00Z,China Open,Round 3,Hard,-3,TBD,-4,TBD,1500.0,1500.0,0,0,0.5000,2026-09-27T08:21+02:00,scheduled,,,v3,
184330,wta,2026-10-04T04:00Z,China Open,Round 3,Hard,-3,TBD,-4,TBD,1500.0,1500.0,0,0,0.5000,2026-09-27T08:21+02:00,scheduled,,,v3,
184331,wta,2026-10-04T04:00Z,China Open,Round 3,Hard,-3,TBD,-4,TBD,1500.0,1500.0,0,0,0.5000,2026-09-27T08:21+02:00,scheduled,,,v3,
184332,wta,2026-10-04T04:00Z,China Open,Round 3,Hard,-3,TBD,-4,TBD,1500.0,1500.0,0,0,0.5000,2026-09-27T08:21+02:00,scheduled,,,v3,
184333,wta,2026-10-04T04:00Z,China Open,Round 3,Hard,-3,TBD,-4,TBD,1500.0,1500.0,0,0,0.5000,2026-09-27T08:21+02:00,scheduled,,,v3,
184334,wta,2026-10-04T04:00Z,China Open,Round 3,Hard,-3,TBD,-4,TBD,1500.0,1500.0,0,0,0.5000,2026-09-27T08:21+02:00,scheduled,,,v3,
184335,wta,2026-10-04T04:00Z,China Open,Round 3,Hard,-3,TBD,-4,TBD,1500.0,1500.0,0,0,0.5000,2026-09-27T08:21+02:00,scheduled,,,v3,
184336,wta,2026-10-04T04:00Z,China Open,Round 3,Hard,-3,TBD,-4,TBD,1500.0,1500.0,0,0,0.5000,2026-09-27T08:21+02:00,scheduled,,,v3,
184337,wta,2026-10-04T04:00Z,China Open,Round 3,Hard,-3,TBD,-4,TBD,1500.0,1500.0,0,0,0.5000,2026-09-27T08:21+02:00,scheduled,,,v3,
184338,wta,2026-10-04T04:00Z,China Open,Round 3,Hard,-3,TBD,-4,TBD,1500.0,1500.0,0,0,0.5000,2026-09-27T08:21+02:00,scheduled,,,v3,
184339,wta,2026-10-04T04:00Z,China Open,Round 3,Hard,-3,TBD,-4,TBD,1500.0,1500.0,0,0,0.5000,2026-09-27T08:21+02:00,scheduled,,,v3,
184340,wta,2026-10-04T04:00Z,China Open,Round 3,Hard,-3,TBD,-4,TBD,1500.0,1500.0,0,0,0.5000,2026-09-27T08:21+02:00,scheduled,,,v3,
184341,wta,2026-10-04T04:00Z,China Open,Round 3,Hard,-3,TBD,-4,TBD,1500.0,1500.0,0,0,0.5000,2026-09-27T08:21+02:00,scheduled,,,v3,
184342,wta,2026-10-04T04:00Z,China Open,Round 3,Hard,-3,TBD,-4,TBD,1500.0,1500.0,0,0,0.5000,2026-09-27T08:21+02:00,scheduled,,,v3,
183466,atp,2026-10-05T04:00Z,China Open,Semifinal,Hard,-3,TBD,-4,TBD,1500.0,1500.0,0,0,0.5000,2026-09-27T17:03+02:00,scheduled,,,v3,
183467,atp,2026-10-05T04:00Z,China Open,Semifinal,Hard,-3,TBD,-4,TBD,1500.0,1500.0,0,0,0.5000,2026-09-27T08:21+02:00,scheduled,,,v3,
183512,atp,2026-10-05T04:00Z,Kinoshita Group Japan Open Tennis Championships,Semifinal,Hard,-3,TBD,-4,TBD,1500.0,1500.0,0,0,0.5000,2026-09-27T08:21+02:00,scheduled,,,v3,
183513,atp,2026-10-05T04:00Z,Kinoshita Group Japan Open Tennis Championships,Semifinal,Hard,-3,TBD,-4,TBD,1500.0,1500.0,0,0,0.5000,2026-09-27T08:21+02:00,scheduled,,,v3,
183468,atp,2026-10-06T04:00Z,China Open,Final,Hard,-3,TBD,-4,TBD,1500.0,1500.0,0,0,0.5000,2026-09-27T17:03+02:00,scheduled,,,v3,
183514,atp,2026-10-06T04:00Z,Kinoshita Group Japan Open Tennis Championships,Final,Hard,-3,TBD,-4,TBD,1500.0,1500.0,0,0,0.5000,2026-09-27T08:21+02:00,scheduled,,,v3,
184343,wta,2026-10-06T04:00Z,China Open,Round 4,Hard,-3,TBD,-4,TBD,1500.0,1500.0,0,0,0.5000,2026-09-27T08:21+02:00,scheduled,,,v3,
184344,wta,2026-10-06T04:00Z,China Open,Round 4,Hard,-3,TBD,-4,TBD,1500.0,1500.0,0,0,0.5000,2026-09-27T08:21+02:00,scheduled,,,v3,
184345,wta,2026-10-06T04:00Z,China Open,Round 4,Hard,-3,TBD,-4,TBD,1500.0,1500.0,0,0,0.5000,2026-09-27T08:21+02:00,scheduled,,,v3,
184346,wta,2026-10-06T04:00Z,China Open,Round 4,Hard,-3,TBD,-4,TBD,1500.0,1500.0,0,0,0.5000,2026-09-27T08:21+02:00,scheduled,,,v3,
184348,wta,2026-10-06T04:00Z,China Open,Round 4,Hard,-3,TBD,-4,TBD,1500.0,1500.0,0,0,0.5000,2026-09-27T08:21+02:00,scheduled,,,v3,
184349,wta,2026-10-06T04:00Z,China Open,Round 4,Hard,-3,TBD,-4,TBD,1500.0,1500.0,0,0,0.5000,2026-09-27T08:21+02:00,scheduled,,,v3,
184354,wta,2026-10-06T04:00Z,China Open,Round 4,Hard,-3,TBD,-4,TBD,1500.0,1500.0,0,0,0.5000,2026-09-27T08:21+02:00,scheduled,,,v3,
184355,wta,2026-10-06T04:00Z,China Open,Round 4,Hard,-3,TBD,-4,TBD,1500.0,1500.0,0,0,0.5000,2026-09-27T08:21+02:00,scheduled,,,v3,
184347,wta,2026-10-08T04:00Z,China Open,Quarterfinal,Hard,-3,TBD,-4,TBD,1500.0,1500.0,0,0,0.5000,2026-09-27T08:21+02:00,scheduled,,,v3,
184351,wta,2026-10-08T04:00Z,China Open,Quarterfinal,Hard,-3,TBD,-4,TBD,1500.0,1500.0,0,0,0.5000,2026-09-27T08:21+02:00,scheduled,,,v3,
184352,wta,2026-10-08T04:00Z,China Open,Quarterfinal,Hard,-3,TBD,-4,TBD,1500.0,1500.0,0,0,0.5000,2026-09-27T08:21+02:00,scheduled,,,v3,
184353,wta,2026-10-08T04:00Z,China Open,Quarterfinal,Hard,-3,TBD,-4,TBD,1500.0,1500.0,0,0,0.5000,2026-09-27T08:21+02:00,scheduled,,,v3,
184350,wta,2026-10-10T04:00Z,China Open,Semifinal,Hard,-3,TBD,-4,TBD,1500.0,1500.0,0,0,0.5000,2026-09-27T08:21+02:00,scheduled,,,v3,
184357,wta,2026-10-10T04:00Z,China Open,Semifinal,Hard,-3,TBD,-4,TBD,1500.0,1500.0,0,0,0.5000,2026-09-27T08:21+02:00,scheduled,,,v3,
184356,wta,2026-10-11T04:00Z,China Open,Final,Hard,-3,TBD,-4,TBD,1500.0,1500.0,0,0,0.5000,2026-09-27T08:21+02:00,scheduled,,,v3,
