rank,player_id,name,elo,hard,clay,grass,updated
1,,Jannik Sinner,2296.9,2234.3,2186.8,2100.5,2026-09-28
2,,Carlos Alcaraz,2148.9,2079.8,2087.7,2015.3,2026-09-28
3,,Alexander Zverev,2110.9,2049.9,2056.7,1955.6,2026-09-28
4,,Novak Djokovic,2047.2,1997.1,1953.2,1932.1,2026-09-28
5,,Arthur Fils,2034.5,1973.6,1962.0,1803.5,2026-09-28
6,,Rafael Jodar,2000.8,1920.0,1956.0,1729.7,2026-09-28
7,,Ben Shelton,1992.5,1959.4,1861.1,1860.4,2026-09-28
8,,Felix Auger Aliassime,1973.0,1936.2,1871.5,1819.5,2026-09-28
9,,Alex De Minaur,1959.3,1927.0,1868.5,1839.5,2026-09-28
10,,Frances Tiafoe,1957.0,1911.4,1846.9,1837.3,2026-09-28
11,,Daniil Medvedev,1956.0,1936.4,1878.3,1841.9,2026-09-28
12,,Tommy Paul,1950.9,1886.5,1886.7,1798.9,2026-09-28
13,,Casper Ruud,1949.1,1867.7,1949.8,1686.6,2026-09-28
14,,Jiri Lehecka,1948.5,1903.3,1839.0,1821.3,2026-09-28
15,,Taylor Fritz,1948.0,1878.3,1780.4,1880.8,2026-09-28
16,,Joao Fonseca,1946.8,1933.1,1865.9,1722.1,2026-09-28
17,,Learner Tien,1943.2,1905.5,1822.5,1712.3,2026-09-28
18,,Brandon Nakashima,1928.2,1886.8,1779.5,1791.8,2026-09-28
19,,Alejandro Davidovich Fokina,1920.2,1871.0,1823.2,1803.9,2026-09-28
20,,Flavio Cobolli,1904.9,1825.5,1856.4,1782.3,2026-09-28
21,,Jakub Mensik,1897.0,1859.7,1843.9,1698.7,2026-09-28
22,,Alexander Blockx,1894.4,1803.6,1851.5,1683.4,2026-09-28
23,,Daniel Merida Aguilar,1889.7,1829.6,1812.6,1641.2,2026-09-28
24,,Andrey Rublev,1887.1,1835.5,1874.3,1758.5,2026-09-28
25,,Alexander Bublik,1886.0,1830.4,1822.0,1811.7,2026-09-28
26,,Stefanos Tsitsipas,1883.8,1835.5,1889.1,1702.6,2026-09-28
27,,Francisco Cerundolo,1881.0,1824.8,1843.3,1733.9,2026-09-28
28,,Alex Michelsen,1880.7,1859.6,1722.2,1727.9,2026-09-28
29,,Lorenzo Musetti,1872.4,1805.8,1851.9,1749.7,2026-09-28
30,,Hubert Hurkacz,1864.7,1800.6,1795.5,1751.7,2026-09-28
31,,Karen Khachanov,1839.5,1791.5,1792.9,1734.5,2026-09-28
32,,Cameron Norrie,1835.7,1796.8,1791.1,1703.1,2026-09-28
33,,Valentin Vacherot,1835.5,1787.8,1747.0,1571.7,2026-09-28
34,,Luciano Darderi,1829.6,1730.8,1836.7,1618.9,2026-09-28
35,,Ugo Humbert,1826.2,1802.4,1711.3,1734.9,2026-09-28
36,,Matteo Berrettini,1824.4,1779.9,1786.5,1738.2,2026-09-28
37,,Mariano Navone,1821.4,1741.3,1786.7,1559.0,2026-09-28
38,,Tomas Machac,1817.8,1777.9,1758.7,1681.8,2026-09-28
39,,Nuno Borges,1817.1,1773.3,1746.4,1680.8,2026-09-28
40,,Titouan Droguet,1817.1,1773.2,1751.1,1665.5,2026-09-28
41,,Arthur Fery,1815.5,1745.1,1617.9,1723.5,2026-09-28
42,,Thiago Agustin Tirante,1809.4,1735.8,1759.3,1585.8,2026-09-28
43,,Ignacio Buse,1808.1,1735.5,1762.8,1631.1,2026-09-28
44,,Toby Samuel,1803.9,1786.8,1664.7,1606.1,2026-09-28
45,,Denis Shapovalov,1803.5,1797.8,1692.5,1636.4,2026-09-28
46,,Roman Safiullin,1801.4,1735.5,1780.0,1719.6,2026-09-28
47,,Botic Van De Zandschulp,1800.1,1770.7,1710.1,1621.8,2026-09-28
48,,Dino Prizmic,1799.7,1713.4,1777.0,1598.5,2026-09-28
49,,Jaime Faria,1799.2,1723.5,1747.2,1706.5,2026-09-28
50,,Alejandro Tabilo,1798.6,1752.8,1750.2,1652.0,2026-09-28
51,,Gael Monfils,1796.7,1771.6,1681.6,1648.4,2026-09-28
52,,Raphael Collignon,1796.5,1732.1,1772.4,1636.4,2026-09-28
53,,Eliot Spizzirri,1796.1,1765.0,1584.1,1630.0,2026-09-28
54,,Ethan Quinn,1794.3,1762.3,1683.3,1695.9,2026-09-28
55,,Thanasi Kokkinakis,1793.8,1764.5,1722.7,1581.6,2026-09-28
56,,Yannick Hanfmann,1793.0,1731.6,1751.6,1653.0,2026-09-28
57,,Arthur Cazaux,1792.9,1737.6,1702.8,1658.7,2026-09-28
58,,Juan Manuel Cerundolo,1791.8,1701.0,1765.1,1565.1,2026-09-28
59,,Marin Cilic,1789.0,1749.7,1695.5,1742.3,2026-09-28
60,,Sebastian Korda,1783.6,1740.0,1644.9,1654.0,2026-09-28
61,,Tallon Griekspoor,1782.5,1767.8,1722.3,1697.1,2026-09-28
62,,Zizou Bergs,1781.6,1725.5,1679.3,1706.7,2026-09-28
63,,Arthur Gea,1777.4,1774.4,1611.4,1624.0,2026-09-28
64,,Luca Van Assche,1774.6,1730.3,1727.6,1583.7,2026-09-28
65,,Quentin Halys,1772.6,1708.8,1749.9,1639.2,2026-09-28
66,,Jack Draper,1772.5,1729.3,1671.7,1679.1,2026-09-28
67,,Jordan Thompson,1772.4,1732.6,1604.6,1708.7,2026-09-28
68,,Tomas Martin Etcheverry,1772.1,1724.6,1744.8,1546.4,2026-09-28
69,,Kamil Majchrzak,1769.9,1710.0,1708.0,1731.1,2026-09-28
70,,Arthur Rinderknech,1768.4,1733.6,1700.9,1663.2,2026-09-28
71,,Pablo Carreno Busta,1767.5,1709.7,1740.9,1586.6,2026-09-28
72,,Jaume Munar,1766.7,1748.0,1697.3,1629.6,2026-09-28
73,,Michael Zheng,1762.1,1717.7,1609.7,1665.0,2026-09-28
74,,Benjamin Bonzi,1761.8,1721.3,1628.1,1670.1,2026-09-28
75,,Fabian Marozsan,1761.0,1716.6,1704.0,1642.1,2026-09-28
76,,Hamad Medjedovic,1756.7,1664.4,1774.4,1606.0,2026-09-28
77,,Matteo Arnaldi,1754.9,1676.5,1780.4,1578.0,2026-09-28
78,,Sebastian Baez,1753.8,1702.0,1725.2,1534.7,2026-09-28
79,,Reilly Opelka,1748.9,1733.8,1644.0,1634.6,2026-09-28
80,,Marton Fucsovics,1745.1,1699.1,1680.6,1691.4,2026-09-28
81,,Nishesh Basavareddy,1743.8,1698.4,1645.4,1555.3,2026-09-28
82,,Lloyd Harris,1742.1,1709.0,1604.5,1646.3,2026-09-28
83,,Rinky Hijikata,1740.7,1695.7,1573.8,1657.6,2026-09-28
84,,Terence Atmane,1737.3,1705.3,1644.8,1556.6,2026-09-28
85,,Jan Lennard Struff,1736.7,1654.0,1682.5,1687.4,2026-09-28
86,,Soon Woo Kwon,1736.4,1694.4,1621.3,1637.8,2026-09-28
87,,Miomir Kecmanovic,1735.1,1682.5,1705.6,1621.3,2026-09-28
88,,Jan Kumstat,1734.2,1494.5,1721.5,1567.1,2026-09-28
89,,Alex Molcan,1732.9,1641.8,1703.0,1626.3,2026-09-28
90,,Grigor Dimitrov,1731.7,1709.9,1643.2,1668.0,2026-09-28
91,,Facundo Diaz Acosta,1731.5,1554.0,1718.5,1490.4,2026-09-28
92,,Alexei Popyrin,1730.5,1673.4,1721.3,1574.7,2026-09-28
93,,Jenson Brooksby,1723.8,1688.0,1622.1,1667.0,2026-09-28
94,,Jacob Fearnley,1723.1,1667.7,1659.8,1677.5,2026-09-28
95,,Lorenzo Sonego,1715.2,1692.3,1625.9,1640.7,2026-09-28
96,,Mattia Bellucci,1714.2,1666.2,1606.8,1653.5,2026-09-28
97,,Corentin Moutet,1713.6,1693.6,1676.5,1617.3,2026-09-28
98,,Daniel Altmaier,1712.8,1634.4,1686.7,1586.9,2026-09-28
99,,Zsombor Piros,1710.9,1670.0,1675.3,1575.4,2026-09-28
100,,Bu Yunchaokete,1710.1,1668.8,1609.0,1605.3,2026-09-28
101,,Yibing Wu,1708.6,1703.9,1653.1,1483.7,2026-09-28
102,,Kei Nishikori,1708.5,1670.0,1606.8,1588.4,2026-09-28
103,,Martin Damm,1708.5,1660.1,1536.4,1643.7,2026-09-28
104,,Zachary Svajda,1708.1,1668.2,1584.0,1666.5,2026-09-28
105,,Christopher Oconnell,1707.7,1683.4,1586.4,1634.0,2026-09-28
106,,Kyrian Jacquet,1707.4,1674.2,1599.9,1671.2,2026-09-28
107,,Gabriel Diallo,1704.0,1659.6,1623.1,1633.1,2026-09-28
108,,Juncheng Shang,1700.2,1640.7,1617.4,1627.9,2026-09-28
109,,Coleman Wong,1698.3,1673.3,1514.8,1504.9,2026-09-28
110,,Adolfo Daniel Vallejo,1698.2,1569.7,1680.7,1537.9,2026-09-28
111,,Roberto Bautista Agut,1696.9,1666.5,1638.0,1645.6,2026-09-28
112,,Hugo Gaston,1696.0,1669.6,1634.0,1590.5,2026-09-28
113,,Emilio Nava,1695.6,1616.9,1681.8,1538.2,2026-09-28
114,,Marcos Giron,1693.3,1660.1,1591.5,1627.0,2026-09-28
115,,Leandro Riedi,1693.1,1675.3,1598.6,1625.8,2026-09-28
116,,Adam Walton,1690.5,1637.9,1536.8,1608.1,2026-09-28
117,,Yoshihito Nishioka,1688.7,1659.2,1618.3,1539.9,2026-09-28
118,,Andrea Vavassori,1688.1,1655.0,1642.3,1538.1,2026-09-28
119,,Jan Choinski,1688.0,1546.7,1682.9,1551.3,2026-09-28
120,,Vit Kopriva,1687.4,1634.1,1663.8,1570.3,2026-09-28
121,,Valentin Royer,1686.2,1638.6,1630.7,1600.2,2026-09-28
122,,Roman Andres Burruchaga,1684.6,1506.2,1691.2,1531.2,2026-09-28
123,,Jason Kubler,1684.5,1635.3,1615.7,1679.3,2026-09-28
124,,Camilo Ugo Carabelli,1683.2,1564.2,1696.8,1443.2,2026-09-28
125,,Jesper De Jong,1683.1,1610.0,1667.6,1538.2,2026-09-28
126,,Laslo Djere,1681.3,1598.8,1689.8,1558.2,2026-09-28
127,,Adrian Mannarino,1677.1,1648.7,1489.6,1648.7,2026-09-28
128,,Otto Virtanen,1676.4,1643.8,1547.0,1681.0,2026-09-28
129,,Luka Mikrut,1673.7,1485.2,1691.2,1500.6,2026-09-28
130,,James Duckworth,1669.1,1629.7,1593.1,1568.9,2026-09-28
131,,Cristian Garin,1668.7,1585.3,1657.4,1618.2,2026-09-28
132,,Martin Landaluce,1667.9,1625.0,1619.9,1582.6,2026-09-28
133,,Oliver Tarvet,1667.8,1604.5,1583.9,1635.1,2026-09-28
134,,Ilia Simakin,1666.9,1675.1,1411.5,1533.5,2026-09-28
135,,Giovanni Mpetshi Perricard,1658.8,1597.8,1633.3,1603.0,2026-09-28
136,,Chris Rodesch,1656.3,1662.4,1557.4,1560.1,2026-09-28
137,,Dalibor Svrcina,1656.3,1636.3,1579.2,1483.0,2026-09-28
138,,Mark Lajal,1655.0,1628.0,1518.1,1541.2,2026-09-28
139,,Stan Wawrinka,1650.6,1637.7,1591.9,1569.4,2026-09-28
140,,Aleksandar Kovacevic,1648.8,1620.3,1569.3,1472.7,2026-09-28
141,,Patrick Kypson,1648.4,1615.1,1558.7,1517.5,2026-09-28
142,,Nicolas Jarry,1648.3,1573.5,1641.5,1635.2,2026-09-28
143,,Pablo Llamas Ruiz,1648.3,1563.3,1666.6,1525.2,2026-09-28
144,,Marco Trungelliti,1647.6,1541.9,1624.9,1479.7,2026-09-28
145,,Rei Sakamoto,1647.4,1624.7,1537.5,1527.8,2026-09-28
146,,Jurij Rodionov,1646.9,1599.4,1599.3,1586.9,2026-09-28
147,,Sebastian Ofner,1646.0,1584.0,1632.6,1600.5,2026-09-28
148,,David Goffin,1645.7,1611.2,1627.7,1622.5,2026-09-28
149,,Aleksandar Vukic,1642.6,1614.6,1521.8,1568.4,2026-09-28
150,,Alexandre Muller,1640.1,1620.2,1600.4,1497.6,2026-09-28
151,,Damir Dzumhur,1639.3,1589.7,1610.8,1540.6,2026-09-28
152,,Dusan Lajovic,1638.7,1580.5,1602.9,1518.0,2026-09-28
153,,Marat Sharipov,1632.9,1619.8,1499.9,1516.5,2026-09-28
154,,Nikoloz Basilashvili,1630.2,1594.9,1580.6,1572.3,2026-09-28
155,,Alexander Shevchenko,1628.8,1582.4,1615.4,1439.0,2026-09-28
156,,Andrea Guerrieri,1628.8,1578.1,1548.2,1540.4,2026-09-28
157,,Harold Mayot,1627.4,1612.8,1545.6,1528.5,2026-09-28
158,,Henrique Rocha,1626.9,1569.5,1619.0,1473.6,2026-09-28
159,,Borna Gojo,1626.7,1603.8,1613.8,1456.6,2026-09-28
160,,Francisco Comesana,1623.2,1579.0,1607.2,1502.8,2026-09-28
161,,Giulio Zeppieri,1621.9,1589.0,1565.7,1578.9,2026-09-28
162,,Felix Balshaw,1620.8,1575.8,1544.4,1510.4,2026-09-28
163,,Max Alcala Gurri,1616.8,1400.1,1599.4,1508.4,2026-09-28
164,,Matej Dodig,1615.2,1483.1,1597.4,1506.8,2026-09-28
165,,Stefanos Sakellaridis,1614.4,1598.3,1565.2,1549.9,2026-09-28
166,,Sho Shimabukuro,1614.2,1558.0,1480.7,1604.1,2026-09-28
167,,Andrea Pellegrino,1610.6,1406.6,1596.6,1430.2,2026-09-28
168,,J J Wolf,1610.2,1583.8,1517.6,1540.7,2026-09-28
169,,Hugo Dellien,1606.4,1470.6,1603.3,1455.7,2026-09-28
170,,Zhizhen Zhang,1605.9,1570.2,1595.3,1586.4,2026-09-28
171,,Thiago Seyboth Wild,1605.4,1550.5,1590.5,1514.8,2026-09-28
172,,Jerome Kym,1603.2,1564.8,1571.2,1541.5,2026-09-28
173,,Taro Daniel,1603.1,1537.6,1579.2,1499.2,2026-09-28
174,,Pavel Kotov,1602.3,1601.3,1522.4,1505.2,2026-09-28
175,,Lukas Klein,1601.1,1535.1,1623.9,1557.2,2026-09-28
176,,Mackenzie Mcdonald,1600.3,1587.7,1470.7,1544.6,2026-09-28
177,,Gustavo Heide,1600.1,1479.1,1605.8,1469.6,2026-09-28
178,,Liam Draxl,1597.6,1562.7,1501.8,1444.2,2026-09-28
179,,Dylan Dietrich,1594.1,1509.1,1535.9,1497.0,2026-09-28
180,,Mees Rottgering,1591.8,1554.3,1500.7,1511.7,2026-09-28
181,,Dhakshineswar Suresh,1591.4,1556.0,1405.7,1495.7,2026-09-28
182,,Nicolai Budkov Kjaer,1588.6,1558.1,1541.8,1506.6,2026-09-28
183,,Marco Cecchinato,1587.9,1461.5,1565.2,1435.0,2026-09-28
184,,Michael Mmoh,1587.4,1573.9,1495.4,1475.0,2026-09-28
185,,Dominic Stricker,1587.1,1540.6,1546.7,1557.0,2026-09-28
186,,Tristan Boyer,1586.8,1537.2,1557.4,1495.5,2026-09-28
187,,Edas Butvilas,1584.2,1567.4,1480.9,1448.2,2026-09-28
188,,Alexis Galarneau,1583.2,1537.0,1479.9,1561.7,2026-09-28
189,,Tristan Schoolkate,1581.2,1548.2,1475.0,1553.4,2026-09-28
190,,Federico Cina,1581.1,1545.1,1545.5,1488.2,2026-09-28
191,,Vilius Gaubas,1580.9,1543.4,1525.5,1578.2,2026-09-28
192,,Tom Gentzsch,1577.9,1506.1,1568.6,1486.1,2026-09-28
193,,Roberto Carballes Baena,1577.2,1558.2,1562.8,1482.2,2026-09-28
194,,Tomas Barrios Vera,1575.9,1535.4,1537.8,1542.3,2026-09-28
195,,Carlos Taberner,1574.5,1425.0,1566.7,1415.5,2026-09-28
196,,Filip Misolic,1574.1,1460.8,1645.3,1524.7,2026-09-28
197,,Darwin Blanch,1572.4,1530.8,1504.0,1500.1,2026-09-28
198,,Ilya Ivashka,1570.7,1547.8,1573.0,1532.8,2026-09-28
199,,Marvin Moeller,1569.1,1451.3,1553.1,1534.5,2026-09-28
200,,Jay Dylan Hara Friend,1568.0,1536.5,1388.9,1484.0,2026-09-28
201,,Harry Wendelken,1566.7,1555.5,1356.7,1463.8,2026-09-28
202,,Andres Andrade,1565.8,1531.5,1504.3,1461.6,2026-09-28
203,,Shintaro Mochizuki,1565.7,1503.5,1478.0,1613.4,2026-09-28
204,,Pedro Martinez,1565.4,1545.9,1541.5,1439.8,2026-09-28
205,,Thiago Monteiro,1564.7,1531.2,1544.8,1469.2,2026-09-28
206,,Nicolas Mejia,1564.1,1475.5,1558.3,1555.4,2026-09-28
207,,Max Basing,1562.7,1521.2,1391.3,1566.1,2026-09-28
208,,Kilian Feldbausch,1562.3,1368.6,1552.4,1481.1,2026-09-28
209,,Diego Dedura Palomero,1561.2,1350.6,1549.9,1443.5,2026-09-28
210,,Clement Chidekh,1560.8,1552.3,1387.1,1514.6,2026-09-28
211,,Pierre Hugues Herbert,1560.0,1545.8,1492.1,1528.3,2026-09-28
212,,Luca Nardi,1559.9,1550.4,1513.2,1420.1,2026-09-28
213,,Daniel Rincon,1559.3,1524.5,1525.3,1390.0,2026-09-28
214,,Juan Carlos Prado Angelo,1559.0,1435.3,1553.0,1463.5,2026-09-28
215,,Nicolas Moreno De Alboran,1556.6,1548.0,1517.6,1461.8,2026-09-28
216,,Jack Pinnington Jones,1556.4,1538.2,1432.9,1525.2,2026-09-28
217,,Cedrik Marcel Stebe,1556.4,1523.2,1544.9,1463.3,2026-09-28
218,,Alex Bolt,1556.3,1515.5,1402.1,1540.9,2026-09-28
219,,Rodrigo Pacheco Mendez,1556.0,1534.5,1466.2,1478.0,2026-09-28
220,,Francesco Passaro,1551.8,1555.5,1510.8,1432.3,2026-09-28
221,,Mikhail Kukushkin,1551.6,1525.7,1518.4,1510.3,2026-09-28
222,,George Loffhagen,1550.6,1544.7,1350.4,1457.6,2026-09-28
223,,Chun Hsin Tseng,1550.6,1496.1,1542.2,1386.3,2026-09-28
224,,Nikolas Sanchez Izquierdo,1550.5,1317.1,1532.1,1449.7,2026-09-28
225,,Timo Legout,1550.2,1524.0,1333.1,1475.1,2026-09-28
226,,Guy Den Ouden,1550.2,1350.0,1553.6,1417.9,2026-09-28
227,,Daniil Glinka,1549.3,1539.1,1466.4,1427.2,2026-09-28
228,,Vitaliy Sachko,1548.0,1463.3,1517.5,1414.0,2026-09-28
229,,Mika Brunold,1545.1,1482.9,1520.9,1472.5,2026-09-28
230,,Igor Ribeiro Marcondes,1544.2,1494.3,1514.4,1441.6,2026-09-28
231,,Lautaro Midon,1544.2,1468.0,1531.6,1439.2,2026-09-28
232,,Lukas Neumayer,1544.0,1452.8,1521.8,1403.5,2026-09-28
233,,Giles Hussey,1542.8,1476.5,1381.4,1491.9,2026-09-28
234,,Colton Smith,1541.1,1505.1,1457.8,1525.8,2026-09-28
235,,Inaki Montes De La Torre,1539.9,1520.7,1468.2,1470.0,2026-09-28
236,,Marc Andrea Huesler,1539.7,1507.4,1520.1,1475.0,2026-09-28
237,,Sascha Gueymard Wayenburg,1536.9,1521.4,1456.3,1432.9,2026-09-28
238,,Brandon Holt,1536.8,1507.1,1353.7,1507.0,2026-09-28
239,,Andre Ilagan,1534.9,1509.9,1377.4,1454.8,2026-09-28
240,,Alejandro Moro Canas,1534.6,1498.3,1506.0,1509.8,2026-09-28
241,,Alex Barrena,1532.5,1334.4,1515.2,1437.8,2026-09-28
242,,Timofey Skatov,1531.9,1477.2,1514.3,1507.4,2026-09-28
243,,Juan Pablo Varillas,1529.7,1396.2,1518.6,1392.9,2026-09-28
244,,Clement Tabur,1528.2,1493.0,1502.5,1493.7,2026-09-28
245,,Remy Bertola,1528.1,1473.4,1458.0,1506.6,2026-09-28
246,,Yosuke Watanuki,1526.3,1507.3,1472.4,1530.0,2026-09-28
247,,Kimmer Coppejans,1525.8,1452.4,1503.2,1457.8,2026-09-28
248,,Bernard Tomic,1523.3,1492.6,1444.6,1514.7,2026-09-28
249,,Liam Broady,1521.9,1493.6,1454.4,1483.1,2026-09-28
250,,Henry Searle,1521.9,1397.8,1379.1,1594.4,2026-09-28
251,,Billy Harris,1521.4,1472.7,1369.7,1546.6,2026-09-28
252,,Cezar Cretu,1520.6,1464.6,1501.7,1460.3,2026-09-28
253,,Gonzalo Bueno,1517.3,1366.4,1506.7,1426.6,2026-09-28
254,,Pol Martin Tiffon,1516.3,1502.9,1473.7,1439.4,2026-09-28
255,,Murphy Cassone,1515.7,1491.7,1361.9,1422.7,2026-09-28
256,,Cruz Hewitt,1513.7,1490.3,1366.9,1456.9,2026-09-28
257,,Trevor Svajda,1512.5,1478.4,1366.2,1456.2,2026-09-28
258,,Elmer Moller,1510.2,1416.5,1514.9,1484.2,2026-09-28
259,,Maxim Mrva,1508.6,1507.7,1481.0,1504.3,2026-09-28
260,,Stefano Travaglia,1506.6,1500.3,1468.9,1429.6,2026-09-28
261,,Ugo Blanchet,1506.2,1501.8,1432.5,1396.8,2026-09-28
262,,Sumit Nagal,1506.0,1444.9,1502.9,1385.5,2026-09-28
263,,Arthur Bouquier,1505.4,1482.0,1332.6,1440.2,2026-09-28
264,,Luka Pavlovic,1505.3,1469.0,1453.1,1488.2,2026-09-28
265,,Elias Ymer,1505.2,1473.9,1470.7,1483.2,2026-09-28
266,,Charles Broom,1505.1,1485.2,1333.3,1434.0,2026-09-28
267,,Carlo Alberto Caniato,1504.9,1340.3,1499.0,1452.5,2026-09-28
268,,Hyeon Chung,1501.7,1471.9,1532.4,1406.8,2026-09-28
269,,Norbert Gombos,1501.0,1466.7,1486.9,1432.0,2026-09-28
270,,Hugo Grenier,1500.5,1471.4,1386.4,1424.8,2026-09-28
271,,Nerman Fatic,1498.9,1438.0,1472.8,1467.8,2026-09-28
272,,Federico Agustin Gomez,1498.8,1434.6,1480.5,1425.3,2026-09-28
273,,Dane Sweeny,1496.4,1449.2,1305.1,1472.1,2026-09-28
274,,Facundo Mena,1496.2,1362.0,1489.2,1412.8,2026-09-28
275,,Max Houkes,1494.9,1322.1,1478.1,1384.1,2026-09-28
276,,Andrej Nedic,1494.7,1456.5,1465.8,1497.3,2026-09-28
277,,Sebastian Gorzny,1493.9,1462.6,1356.9,1446.9,2026-09-28
278,,Daniel Elahi Galan,1493.6,1478.8,1454.8,1473.8,2026-09-28
279,,Joel Schwaerzler,1493.1,1464.7,1446.8,1428.8,2026-09-28
280,,Abedallah Shelbayh,1492.4,1478.5,1337.1,1472.4,2026-09-28
281,,Gauthier Onclin,1491.9,1471.5,1456.0,1467.0,2026-09-28
282,,Joao Lucas Reis Da Silva,1491.5,1362.2,1476.6,1409.4,2026-09-28
283,,Maks Kasnikowski,1490.5,1433.8,1480.9,1495.3,2026-09-28
284,,Radu Mihai Papoe,1490.5,1406.1,1451.2,1445.2,2026-09-28
285,,Mili Poljicak,1488.5,1305.3,1459.6,1408.4,2026-09-28
286,,Hynek Barton,1486.2,1467.3,1460.4,1443.1,2026-09-28
287,,Rio Noguchi,1485.6,1472.8,1284.7,1337.9,2026-09-28
288,,Stefan Dostanic,1485.4,1491.5,1399.5,1442.7,2026-09-28
289,,Jack Kennedy,1483.8,1376.1,1507.3,1441.9,2026-09-28
290,,August Holmgren,1481.3,1438.3,1450.4,1506.4,2026-09-28
291,,Federico Coria,1480.9,1415.0,1463.9,1367.1,2026-09-28
292,,Braden Shick,1480.4,1461.3,1367.1,1419.6,2026-09-28
293,,Matheus Pucinelli De Almeida,1475.3,1300.4,1481.6,1438.5,2026-09-28
294,,Lucas Poullain,1473.8,1449.7,1314.7,1436.9,2026-09-28
295,,Francesco Maestrelli,1472.9,1477.6,1430.2,1350.5,2026-09-28
296,,Henri Squire,1472.5,1420.8,1454.7,1340.4,2026-09-28
297,,Max Hans Rehberg,1471.9,1470.9,1419.9,1368.9,2026-09-28
298,,Jacopo Vasami,1470.9,1309.1,1437.1,1435.4,2026-09-28
299,,Moez Echargui,1470.2,1443.5,1369.5,1446.4,2026-09-28
300,,Gijs Brouwer,1469.5,1444.7,1406.3,1457.1,2026-09-28
301,,Li Tu,1469.3,1451.9,1361.1,1507.1,2026-09-28
302,,Aziz Dougaz,1468.2,1454.0,1404.1,1387.7,2026-09-28
303,,Daniel Masur,1468.2,1439.7,1424.3,1429.7,2026-09-28
304,,Quinn Vandecasteele,1467.9,1451.2,1344.0,1394.5,2026-09-28
305,,Lorenzo Giustino,1467.3,1446.6,1429.6,1329.7,2026-09-28
306,,Stefano Napolitano,1465.5,1421.2,1455.1,1437.7,2026-09-28
307,,Federico Bondioli,1465.3,1285.7,1449.2,1393.9,2026-09-28
308,,Zdenek Kolar,1465.0,1407.7,1445.6,1408.9,2026-09-28
309,,Jay Clarke,1464.7,1415.6,1440.0,1349.1,2026-09-28
310,,Moise Kouame,1463.2,1439.0,1352.1,1431.6,2026-09-28
311,,Yasutaka Uchiyama,1462.8,1430.7,1347.5,1417.4,2026-09-28
312,,Oliver Crawford,1461.9,1446.3,1382.1,1450.2,2026-09-28
313,,Juan Manuel La Serna,1461.8,1371.4,1446.9,1430.9,2026-09-28
314,,Duje Ajdukovic,1461.2,1452.5,1433.3,1344.5,2026-09-28
315,,Spencer Johnson,1461.2,1433.5,1340.6,1430.6,2026-09-28
316,,Benjamin Hassan,1460.5,1407.2,1452.5,1427.0,2026-09-28
317,,Max Schoenhaus,1460.1,1376.4,1453.0,1379.1,2026-09-28
318,,Christoph Negritu,1458.7,1423.4,1428.7,1429.3,2026-09-28
319,,Raul Brancaccio,1458.6,1399.0,1436.6,1378.4,2026-09-28
320,,Felix Gill,1457.9,1451.2,1412.7,1391.6,2026-09-28
321,,Javier Barranco Cosano,1457.6,1399.0,1440.5,1432.8,2026-09-28
322,,Dimitar Kuzmanov,1457.0,1436.6,1415.3,1423.4,2026-09-28
323,,Mitchell Krueger,1455.2,1426.9,1424.4,1420.8,2026-09-28
324,,Fajing Sun,1453.6,1431.2,1257.2,1405.7,2026-09-28
325,,Mats Rosenkranz,1453.5,1424.3,1320.2,1398.4,2026-09-28
326,,Dali Blanch,1453.0,1243.6,1438.0,1426.5,2026-09-28
327,,Calvin Hemery,1452.2,1393.8,1444.4,1378.3,2026-09-28
328,,Keegan Rice,1452.0,1431.1,1336.0,1426.0,2026-09-28
329,,Andrej Martin,1451.8,1363.7,1425.2,1338.2,2026-09-28
330,,Guido Ivan Justo,1449.3,1305.9,1436.5,1424.7,2026-09-28
331,,Genaro Alberto Olivieri,1449.2,1341.1,1424.6,1325.0,2026-09-28
332,,David Jorda Sanchis,1449.2,1315.7,1459.8,1385.7,2026-09-28
333,,Martin Krumich,1448.8,1355.3,1422.6,1424.4,2026-09-28
334,,Frederico Ferreira Silva,1448.0,1463.5,1392.5,1422.4,2026-09-28
335,,Hamish Stewart,1448.0,1412.3,1334.0,1451.6,2026-09-28
336,,James Mccabe,1447.3,1404.2,1282.2,1458.1,2026-09-28
337,,Marko Topo,1447.1,1465.2,1400.5,1432.8,2026-09-28
338,,Daniel Milavsky,1446.1,1402.6,1316.2,1448.9,2026-09-28
339,,Gianluca Cadenasso,1444.6,1332.3,1421.4,1391.8,2026-09-28
340,,Nicolas Kicker,1442.8,1374.3,1430.0,1370.9,2026-09-28
341,,Keegan Smith,1442.4,1399.6,1377.0,1418.1,2026-09-28
342,,Oriol Roca Batalla,1442.1,1376.0,1418.4,1382.2,2026-09-28
343,,Matias Soto,1441.8,1332.8,1429.2,1420.9,2026-09-28
344,,Johannus Monday,1441.6,1412.3,1330.8,1397.8,2026-09-28
345,,Laurent Lokoli,1440.9,1394.4,1437.1,1453.8,2026-09-28
346,,Beibit Zhukayev,1440.8,1389.8,1371.3,1502.4,2026-09-28
347,,Hayato Matsuoka,1440.7,1413.8,1330.3,1402.8,2026-09-28
348,,Paul Inchauspe,1439.0,1421.7,1329.5,1419.5,2026-09-28
349,,Lilian Marmousez,1438.3,1389.6,1412.7,1419.2,2026-09-28
350,,Radu Albot,1438.2,1415.0,1429.5,1488.0,2026-09-28
351,,Buvaysar Gadamauri,1437.9,1403.7,1398.6,1418.9,2026-09-28
352,,Anton Matusevich,1437.3,1407.2,1372.1,1378.2,2026-09-28
353,,Yu Hsiou Hsu,1435.8,1415.9,1380.4,1329.2,2026-09-28
354,,Nick Hardt,1435.2,1394.6,1421.0,1419.3,2026-09-28
355,,Yi Zhou,1435.1,1407.6,1288.4,1463.7,2026-09-28
356,,Marc Polmans,1434.9,1399.8,1393.0,1455.2,2026-09-28
357,,Felipe Meligeni Alves,1434.9,1371.6,1443.7,1451.8,2026-09-28
358,,Franco Roncadelli,1434.3,1335.5,1430.8,1374.1,2026-09-28
359,,Pedro Boscardin Dias,1433.0,1248.8,1409.0,1398.4,2026-09-28
360,,Miguel Damas,1432.9,1346.2,1403.8,1416.4,2026-09-28
361,,Aidan Mayo,1432.4,1410.3,1339.0,1422.4,2026-09-28
362,,Jason Jung,1431.5,1394.9,1364.3,1431.6,2026-09-28
363,,Petr Nesterov,1431.0,1418.0,1403.3,1415.5,2026-09-28
364,,Yanki Erel,1430.6,1415.4,1301.5,1398.0,2026-09-28
365,,Jamie Mackenzie,1429.4,1331.4,1429.1,1375.0,2026-09-28
366,,Florian Broska,1427.4,1362.3,1389.2,1413.7,2026-09-28
367,,Enrico Dalla Valle,1426.8,1367.5,1404.1,1413.4,2026-09-28
368,,Henry Bernet,1426.0,1343.0,1409.6,1413.0,2026-09-28
369,,Andrea Collarini,1426.0,1322.1,1410.9,1333.4,2026-09-28
370,,Valerio Aboian,1425.9,1272.8,1410.6,1412.9,2026-09-28
371,,Mathys Erhard,1423.4,1398.7,1377.6,1411.7,2026-09-28
372,,Joaquin  Aguilar Cardozo,1422.4,1373.0,1420.1,1461.2,2026-09-28
373,,Tommaso Compagnucci,1422.4,1267.7,1406.7,1411.2,2026-09-28
374,,Philip Henning,1420.1,1426.4,1364.4,1460.0,2026-09-28
375,,Duncan Chan,1419.2,1378.4,1319.6,1409.6,2026-09-28
376,,Yuta Shimizu,1418.4,1390.1,1295.2,1415.8,2026-09-28
377,,Blake Ellis,1418.3,1394.3,1319.2,1409.2,2026-09-28
378,,Ivan Gakhov,1417.7,1380.4,1372.4,1380.4,2026-09-28
379,,Paul Jubb,1417.1,1385.2,1333.7,1444.5,2026-09-28
380,,Georgii Kravchenko,1414.4,1395.2,1359.5,1407.2,2026-09-28
381,,Eliakim Coulibaly,1414.2,1419.3,1350.9,1407.1,2026-09-28
382,,Hady Habib,1411.6,1364.1,1435.4,1431.0,2026-09-28
383,,Jonas Forejtek,1411.6,1345.3,1391.7,1388.8,2026-09-28
384,,Luca Potenza,1411.5,1382.6,1331.8,1405.8,2026-09-28
385,,Justin Engel,1411.4,1410.5,1317.8,1434.8,2026-09-28
386,,Alan Magadan,1411.3,1392.7,1356.0,1405.6,2026-09-28
387,,Kasidit Samrej,1410.6,1383.5,1419.5,1455.3,2026-09-28
388,,Tibo Colson,1408.7,1351.6,1352.5,1404.4,2026-09-28
389,,Francesco Forti,1408.7,1328.7,1388.5,1404.4,2026-09-28
390,,Philip Sekulic,1408.2,1383.2,1282.9,1366.0,2026-09-28
391,,Ryan Peniston,1407.6,1368.6,1339.8,1423.2,2026-09-28
392,,Carlos Sanchez Jover,1402.9,1271.7,1384.0,1401.5,2026-09-28
393,,Alexander Donski,1402.3,1435.4,1324.4,1451.1,2026-09-28
394,,Juan Bautista Torres,1401.9,1303.0,1381.8,1400.9,2026-09-28
395,,Stefan Kozlov,1400.8,1370.7,1383.1,1400.2,2026-09-28
396,,Michele Ribecai,1399.8,1376.7,1321.5,1399.9,2026-09-28
397,,Thomas Faurel,1397.1,1352.1,1358.3,1398.5,2026-09-28
398,,Antoine Ghibaudo,1397.0,1356.3,1386.8,1394.5,2026-09-28
399,,Hernan Casanova,1395.4,1264.0,1382.0,1366.9,2026-09-28
400,,Sandro Kopp,1394.9,1307.8,1377.0,1397.5,2026-09-28
401,,Daniel Michalski,1393.3,1405.0,1352.1,1446.6,2026-09-28
402,,Milos Karol,1393.1,1333.2,1365.7,1396.6,2026-09-28
403,,Tung Lin Wu,1392.7,1362.1,1414.5,1355.8,2026-09-28
404,,Kenta Miyoshi,1392.4,1371.4,1306.2,1396.2,2026-09-28
405,,Adrian Andreev,1392.3,1345.0,1390.5,1336.2,2026-09-28
406,,Alex Martinez,1391.9,1335.5,1396.6,1395.9,2026-09-28
407,,James Trotter,1390.5,1363.0,1344.5,1373.0,2026-09-28
408,,Gonzalo Villanueva,1387.4,1279.3,1373.5,1393.7,2026-09-28
409,,Petr Brunclik,1386.7,1389.8,1329.3,1393.4,2026-09-28
410,,Rudolf Molleker,1385.9,1340.3,1377.2,1362.2,2026-09-28
411,,Edward Winter,1384.5,1350.8,1302.2,1419.8,2026-09-28
412,,Petr Bar Biryukov,1383.7,1382.2,1310.0,1352.0,2026-09-28
413,,Matteo Martineau,1383.0,1376.9,1307.5,1373.8,2026-09-28
414,,Andres Martin,1382.8,1371.8,1329.0,1441.4,2026-09-28
415,,Eero Vasa,1381.5,1332.3,1367.5,1440.7,2026-09-28
416,,Tom Paris,1377.4,1355.9,1316.7,1388.7,2026-09-28
417,,Andres Santamarta Roig,1377.0,1298.5,1355.0,1388.5,2026-09-28
418,,Alejo Sanchez Quilez,1376.9,1370.8,1297.3,1388.5,2026-09-28
419,,Tiago Torres,1375.7,1327.2,1345.2,1387.9,2026-09-28
420,,Karim Bennani,1374.8,1373.2,1326.6,1387.4,2026-09-28
421,,Akira Santillan,1373.5,1353.4,1320.3,1345.4,2026-09-28
422,,Olle Wallin,1371.9,1312.2,1351.1,1385.9,2026-09-28
423,,Alfredo Perez,1371.6,1333.4,1379.7,1385.8,2026-09-28
424,,Juan Cruz Martin Manzano,1371.3,1295.6,1356.8,1385.6,2026-09-28
425,,Filip Cristian Jianu,1369.9,1296.8,1344.9,1337.7,2026-09-28
426,,Mert Alkaya,1369.0,1341.8,1328.9,1391.3,2026-09-28
427,,Stefan Palosi,1368.3,1294.1,1351.1,1384.1,2026-09-28
428,,Luis Guto Miguel,1368.2,1335.6,1340.2,1384.1,2026-09-28
429,,Dmitry Popko,1367.7,1390.9,1317.2,1314.1,2026-09-28
430,,Gabriele Piraino,1367.6,1258.8,1358.5,1383.8,2026-09-28
431,,Franco Agamenone,1364.8,1302.1,1342.2,1311.4,2026-09-28
432,,Florent Bax,1362.4,1345.8,1344.2,1358.7,2026-09-28
433,,Ognjen Milic,1361.2,1401.4,1309.3,1430.6,2026-09-28
434,,Johan Nikles,1359.7,1293.5,1347.8,1379.8,2026-09-28
435,,Luciano Emanuel Ambrogi,1358.1,1226.6,1349.9,1379.0,2026-09-28
436,,Marek Gengel,1357.3,1332.0,1226.8,1338.3,2026-09-28
437,,Gilles Arnaud Bailly,1356.9,1379.4,1329.4,1384.4,2026-09-28
438,,Ivan Marrero Curbelo,1355.8,1305.9,1354.4,1377.9,2026-09-28
439,,Jie Cui,1355.0,1330.7,1229.7,1377.5,2026-09-28
440,,Dan Added,1354.1,1335.0,1253.4,1342.9,2026-09-28
441,,Alex Rybakov,1352.1,1315.8,1310.7,1397.2,2026-09-28
442,,Ioannis Xilas,1351.7,1343.8,1348.4,1425.8,2026-09-28
443,,Federico Iannaccone,1351.4,1312.7,1324.1,1375.7,2026-09-28
444,,Federico Arnaboldi,1351.2,1311.5,1317.3,1345.1,2026-09-28
445,,Michael Geerts,1349.1,1346.3,1302.3,1318.2,2026-09-28
446,,Justin Boulais,1348.5,1321.9,1284.2,1374.2,2026-09-28
447,,Khumoun Sultanov,1347.3,1333.7,1254.9,1384.3,2026-09-28
448,,Geoffrey Blancaneaux,1345.0,1349.7,1330.3,1300.5,2026-09-28
449,,Niels Visker,1344.9,1351.6,1295.9,1348.5,2026-09-28
450,,Gabi Adrian Boitan,1342.5,1314.0,1337.9,1421.3,2026-09-28
451,,Cannon Kingsley,1342.3,1344.5,1262.4,1371.1,2026-09-28
452,,Gerard Campana Lee,1342.3,1319.2,1304.7,1371.2,2026-09-28
453,,Izan Almazan Valiente,1340.8,1287.0,1322.2,1370.4,2026-09-28
454,,Lucio Ratti,1340.1,1278.1,1327.8,1370.0,2026-09-28
455,,Enzo Aguiard,1338.8,1327.1,1279.4,1369.4,2026-09-28
456,,Robin Bertrand,1338.7,1337.7,1230.5,1369.3,2026-09-28
457,,Juan Pablo Ficovich,1334.3,1315.9,1339.6,1324.5,2026-09-28
458,,Niels Mcdonald,1334.1,1238.4,1320.5,1367.1,2026-09-28
459,,Hiroki Moriya,1333.6,1302.2,1245.3,1344.0,2026-09-28
460,,Lui Maxted,1333.4,1310.7,1276.7,1386.3,2026-09-28
461,,Santiago Fa Rodriguez Taverna,1333.2,1287.4,1323.1,1353.4,2026-09-28
462,,Murkel Alejandro Dellien Velasco,1331.4,1333.6,1320.5,1344.6,2026-09-28
463,,Corentin Denolly,1331.3,1271.4,1292.5,1352.3,2026-09-28
464,,Oleksii Krutykh,1330.3,1336.9,1310.1,1332.8,2026-09-28
465,,Conner Huertas Del Pino,1329.3,1307.1,1310.7,1364.6,2026-09-28
466,,Alvaro Guillen Meza,1326.8,1175.6,1314.4,1343.4,2026-09-28
467,,Denis Yevseyev,1324.5,1330.6,1296.5,1372.1,2026-09-28
468,,Sergey Fomin,1323.6,1290.3,1342.6,1361.8,2026-09-28
469,,Garrett Johns,1323.2,1304.1,1284.6,1360.4,2026-09-28
470,,Filippo Romano,1322.3,1415.3,1244.7,1354.2,2026-09-28
471,,Alexandr Binda,1321.8,1283.3,1319.7,1360.9,2026-09-28
472,,Arthur Weber,1321.1,1292.2,1270.6,1360.6,2026-09-28
473,,Eduardo Ribeiro,1320.6,1238.7,1306.4,1360.3,2026-09-28
474,,Alexander Vasilev,1320.5,1270.2,1277.4,1360.2,2026-09-28
475,,Tyler Zink,1318.4,1290.1,1267.3,1345.2,2026-09-28
476,,Viktor Durasovic,1317.4,1317.5,1261.9,1302.4,2026-09-28
477,,Manas Dhamne,1316.2,1299.8,1317.9,1408.1,2026-09-28
478,,Alastair Gray,1316.2,1278.0,1268.1,1359.6,2026-09-28
479,,Pierluigi Basile,1313.6,1209.4,1311.5,1356.8,2026-09-28
480,,Jelle Sels,1312.5,1333.0,1282.7,1252.5,2026-09-28
481,,Miguel Tobon,1310.1,1285.9,1299.9,1366.0,2026-09-28
482,,Iliyan Radulov,1309.9,1243.3,1309.5,1355.0,2026-09-28
483,,Neil Oberleitner,1307.7,1273.3,1265.9,1353.9,2026-09-28
484,,Daniel Dutra Da Silva,1307.0,1232.2,1282.2,1339.6,2026-09-28
485,,Sasi Kumar Mukund,1305.7,1281.1,1241.0,1316.2,2026-09-28
486,,Oleg Prihodko,1305.3,1358.2,1247.6,1352.6,2026-09-28
487,,Olukayode Alafia Damina Ayeni,1305.2,1305.3,1203.6,1308.9,2026-09-28
488,,Sergio Callejon Hernando,1303.5,1270.4,1293.4,1351.8,2026-09-28
489,,Dan Martin,1301.7,1259.9,1269.0,1323.0,2026-09-28
490,,Mitsuki Wei Kang Leong,1301.6,1294.2,1260.8,1315.5,2026-09-28
491,,Maximus Jones,1297.5,1269.1,1291.2,1348.8,2026-09-28
492,,Omar Jasika,1292.9,1269.8,1243.4,1241.0,2026-09-28
493,,Bor Artnak,1292.7,1260.7,1337.5,1396.3,2026-09-28
494,,Maxime Chazal,1289.6,1236.3,1257.6,1344.8,2026-09-28
495,,Luca Castelnuovo,1285.7,1265.9,1217.3,1332.8,2026-09-28
496,,Tiago Pereira,1284.2,1261.8,1257.9,1308.3,2026-09-28
497,,Samuele Pieri,1283.8,1251.9,1264.8,1341.9,2026-09-28
498,,Masamichi Imamura,1283.2,1256.5,1251.6,1341.6,2026-09-28
499,,Semen Pankin,1283.1,1268.0,1251.5,1341.5,2026-09-28
500,,Svyatoslav Gulin,1280.5,1244.7,1264.8,1340.2,2026-09-28
501,,Kaichi Uchida,1279.9,1259.0,1261.2,1308.5,2026-09-28
502,,Max Wiskandt,1278.5,1234.0,1271.2,1312.0,2026-09-28
503,,Mika Petkovic,1277.8,1207.2,1271.0,1338.9,2026-09-28
504,,Blaise Bicknell,1275.8,1247.3,1268.6,1387.9,2026-09-28
505,,Ivan Ivanov,1273.7,1266.8,1179.1,1332.7,2026-09-28
506,,Naoya Honda,1273.2,1269.3,1219.9,1336.6,2026-09-28
507,,Maxime Janvier,1271.8,1256.3,1248.1,1304.8,2026-09-28
508,,Juan Alejandro Hernandez Serrano,1269.2,1263.1,1215.1,1334.6,2026-09-28
509,,Pietro Fellin,1268.1,1252.3,1213.4,1334.1,2026-09-28
510,,Yusuke Takahashi,1267.7,1243.3,1262.5,1333.9,2026-09-28
511,,Karl Poling,1267.3,1268.0,1193.2,1292.0,2026-09-28
512,,Raphael Perot,1265.6,1249.4,1233.3,1332.8,2026-09-28
513,,Robert Strombachs,1264.8,1272.4,1219.3,1332.4,2026-09-28
514,,Koki Matsuda,1260.0,1240.0,1240.0,1330.0,2026-09-28
515,,Saba Purtseladze,1257.8,1258.1,1188.4,1307.0,2026-09-28
516,,Arda Azkara,1257.2,1238.1,1238.6,1312.2,2026-09-28
517,,Carl Emil Overbeck,1255.5,1236.2,1237.7,1327.7,2026-09-28
518,,Christian Langmo,1254.4,1233.5,1134.7,1327.2,2026-09-28
519,,Patrick Zahraj,1250.9,1266.7,1188.9,1320.7,2026-09-28
520,,Massimo Giunta,1248.6,1205.5,1244.8,1324.3,2026-09-28
521,,Juan Estevez,1247.4,1233.7,1236.5,1323.7,2026-09-28
522,,Filip Peliwo,1245.3,1222.6,1257.4,1286.5,2026-09-28
523,,Pedro Sakamoto,1244.8,1236.2,1228.9,1322.4,2026-09-28
524,,Mateus Alves,1244.5,1146.2,1246.9,1322.3,2026-09-28
525,,San Hui Sin,1241.9,1220.2,1231.0,1321.0,2026-09-28
526,,Sean Cuenin,1241.6,1244.2,1212.7,1320.8,2026-09-28
527,,Tai Sach,1241.2,1215.8,1230.6,1320.6,2026-09-28
528,,Constantin Bittoun Kouzmine,1238.6,1222.0,1187.0,1319.3,2026-09-28
529,,Vadym Ursu,1238.0,1216.9,1175.2,1297.9,2026-09-28
530,,Andrew Fenty,1237.4,1209.5,1216.9,1318.7,2026-09-28
531,,Ryan Nijboer,1232.4,1203.1,1221.1,1316.2,2026-09-28
532,,Aryan Shah,1231.9,1224.1,1224.4,1315.9,2026-09-28
533,,Renta Tokuda,1223.7,1196.6,1173.1,1311.8,2026-09-28
534,,Tomasz Berkieta,1211.6,1225.4,1167.5,1305.8,2026-09-28
535,,Joao Eduardo Schiessl,1201.5,1173.9,1203.0,1300.7,2026-09-28
536,,Lorenzo Joaquin Rodriguez,1187.6,1170.0,1178.4,1293.8,2026-09-28
537,,Moerani Bouzige,1185.2,1155.0,1202.6,1292.6,2026-09-28
538,,Kokoro Isomura,1181.8,1152.7,1200.9,1290.9,2026-09-28
539,,Ryan Dickerson,1180.8,1173.8,1186.9,1290.4,2026-09-28
540,,Juan Sebastian Gomez,1180.6,1181.2,1168.0,1290.3,2026-09-28
541,,Carlos Maria Zarate,1178.9,1201.7,1166.8,1289.4,2026-09-28
542,,Dominik Palan,1176.6,1157.7,1176.5,1288.3,2026-09-28
543,,Sidharth Rawat,1169.3,1139.4,1184.6,1284.7,2026-09-28
544,,Matthew Dellavedova,1167.8,1155.7,1147.1,1283.9,2026-09-28
545,,Paulo Andre Saraiva Dos Santos,1167.1,1175.3,1150.3,1283.6,2026-09-28
546,,Jake Delaney,1161.9,1144.7,1161.1,1281.0,2026-09-28
547,,Sebastian Gima,1151.0,1129.2,1151.4,1275.5,2026-09-28
548,,Lorenzo Carboni,1138.3,1112.3,1135.0,1269.2,2026-09-28
549,,Samuel Heredia,1137.8,1156.9,1134.3,1268.9,2026-09-28
550,,Nicolas Villalon,1135.4,1177.7,1127.6,1267.7,2026-09-28
551,,Takuya Kumasaka,1130.2,1115.3,1175.1,1265.1,2026-09-28
552,,Tristan Mccormick,1125.6,1118.6,1124.5,1232.3,2026-09-28
553,,Bruno Fernandez,1120.1,1170.0,1107.9,1260.0,2026-09-28
554,,Karan Singh,1114.9,1073.1,1218.2,1257.4,2026-09-28
555,,Maximo Zeitune,1103.5,1161.7,1092.2,1251.7,2026-09-28
556,,Digvijaypratap Singh,1064.4,1041.9,1143.5,1232.2,2026-09-28
557,,Aziz Ouakaa,1050.2,1066.0,1094.3,1275.1,2026-09-28
